,Narrative_Fragmentation,Agency_Deficit,Physical_Pain,Emotional_Pain,Depression,poor_QoL,Anxiety,Rumination,Catastrophizing
Narrative_Fragmentation,1.0,0.20635207980669443,0.2999410363279616,0.0,-0.0,-0.0,-0.0,0.009304970293691112,0.12303125008606772
Agency_Deficit,0.20635207980669443,1.0,0.014028920313710759,0.0,0.0,0.40790134957454466,0.0,0.4129617032928572,0.22594059793992896
Physical_Pain,0.2999410363279616,0.014028920313710759,1.0,0.0,-0.010492622909122786,0.1664897587559661,0.33604560641855874,-0.0,0.0
Emotional_Pain,0.0,0.0,0.0,1.0,0.44627163709783746,0.0,0.2620749683258481,0.0,0.23834078224696917
Depression,-0.0,0.0,-0.010492622909122786,0.44627163709783746,1.0,0.263482061025853,0.0,0.04862998957153591,0.0
poor_QoL,-0.0,0.40790134957454466,0.1664897587559661,0.0,0.263482061025853,1.0,0.026655236626933133,0.0,0.04310241483183348
Anxiety,-0.0,0.0,0.33604560641855874,0.2620749683258481,0.0,0.026655236626933133,1.0,0.0,0.0
Rumination,0.009304970293691112,0.4129617032928572,-0.0,0.0,0.04862998957153591,0.0,0.0,1.0,0.2630497788875609
Catastrophizing,0.12303125008606772,0.22594059793992896,0.0,0.23834078224696917,0.0,0.04310241483183348,0.0,0.2630497788875609,1.0
