,Physical_Pain,poor_QoL,Emotional_Pain,Catastrophizing,Depression,Anxiety,Rumination,Agency_Deficit,Narrative_Fragmentation
Physical_Pain,1.0,0.2855540294243988,0.22563835580367197,0.0,0.12394589102940941,-0.0,0.07633777057149427,0.0,0.0
poor_QoL,0.2855540294243988,1.0,0.0,0.0,0.5237844576679663,0.153623774695091,0.017917980848259983,0.0,0.0
Emotional_Pain,0.22563835580367197,0.0,1.0,0.21141293913178194,0.33072862816492327,0.16420554477504354,0.0,0.09706026200443113,0.1263910656018202
Catastrophizing,0.0,0.0,0.21141293913178194,1.0,0.10011199943555185,0.09873261569044764,0.2116557911223697,0.29719963622777024,0.0629654711057369
Depression,0.12394589102940941,0.5237844576679663,0.33072862816492327,0.10011199943555185,1.0,0.06677935730047764,0.0,-0.0,0.0
Anxiety,-0.0,0.153623774695091,0.16420554477504354,0.09873261569044764,0.06677935730047764,1.0,0.07612982193714339,0.0246641914154682,0.0
Rumination,0.07633777057149427,0.017917980848259983,0.0,0.2116557911223697,0.0,0.07612982193714339,1.0,0.0546768711679902,0.1858928737065289
Agency_Deficit,0.0,0.0,0.09706026200443113,0.29719963622777024,-0.0,0.0246641914154682,0.0546768711679902,1.0,-0.0
Narrative_Fragmentation,0.0,0.0,0.1263910656018202,0.0629654711057369,0.0,0.0,0.1858928737065289,-0.0,1.0
