Metric,Comparison,N1,N2,U,p_value,Cliffs_delta,rank_biserial_r,Magnitude,p_FDR
Physical Pain,CLBP vs MDD,67,33,2117.0,1.6677459430932042e-14,0.9149706015377657,-0.9149706015377657,large,9.005828092703303e-14
Physical Pain,CLBP vs HC,67,31,2076.5,2.237513391015007e-16,0.9995185363505055,-0.9995185363505055,large,3.609732485779047e-15
Physical Pain,MDD vs HC,33,31,971.5,3.197208456431767e-10,0.8993157380254155,-0.8993157380254155,large,7.193719026971477e-10
poor QoL,CLBP vs MDD,67,33,275.5,7.61179087563379e-10,-0.7507914970601538,0.7507914970601538,large,1.4679882403008024e-09
poor QoL,CLBP vs HC,67,31,1487.0,0.000509484328089182,0.43187289359653347,-0.43187289359653347,medium,0.0005502430743363165
poor QoL,MDD vs HC,33,31,942.0,6.653441798718561e-09,0.8416422287390029,-0.8416422287390029,large,9.987765420503168e-09
Emotional Pain,CLBP vs MDD,67,33,22.0,9.867523927738204e-16,-0.9800995024875622,0.9800995024875622,large,8.880771534964384e-15
Emotional Pain,CLBP vs HC,67,31,1513.0,0.00024367154643276784,0.45690900337024565,-0.45690900337024565,medium,0.00027413048973686383
Emotional Pain,MDD vs HC,33,31,1009.0,1.813305993349429e-11,0.9726295210166178,-0.9726295210166178,large,6.119907727554323e-11
Catastrophizing,CLBP vs MDD,67,33,416.0,3.4705502546757676e-08,-0.6236996834011759,0.6236996834011759,large,4.9318345724339854e-08
Catastrophizing,CLBP vs HC,67,31,1766.5,1.3167021520302574e-09,0.7010110736639383,-0.7010110736639383,large,2.3700638736544633e-09
Catastrophizing,MDD vs HC,33,31,991.5,4.1142346217775766e-11,0.9384164222873901,-0.9384164222873901,large,1.1108433478799457e-10
Depression,CLBP vs MDD,67,33,4.0,2.6738759153918865e-16,-0.9963817277250113,0.9963817277250113,large,3.609732485779047e-15
Depression,CLBP vs HC,67,31,1634.5,3.7344503440888634e-06,0.5739046701974,-0.5739046701974,large,4.801436156685681e-06
Depression,MDD vs HC,33,31,1022.5,5.991995806541508e-12,0.9990224828934506,-0.9990224828934506,large,2.3111983825231532e-11
Anxiety,CLBP vs MDD,67,33,142.5,1.1315541191292883e-12,-0.8710990502035278,0.8710990502035278,large,5.091993536081798e-12
Anxiety,CLBP vs HC,67,31,1397.5,0.005668789301967985,0.34569090033702454,-0.34569090033702454,medium,0.005785658642635232
Anxiety,MDD vs HC,33,31,956.0,2.2954552378046347e-09,0.869012707722385,-0.869012707722385,large,3.873580713795321e-09
Rumination,CLBP vs MDD,67,33,160.5,6.384378729458166e-15,-0.8548168249660787,0.8548168249660787,large,4.309455642384262e-14
Rumination,CLBP vs HC,67,31,1751.0,1.0709381430453991e-10,0.6860857005296099,-0.6860857005296099,large,2.6286663511114345e-10
Rumination,MDD vs HC,33,31,994.5,3.028249797473039e-11,0.9442815249266863,-0.9442815249266863,large,9.084749392419116e-11
Agency Deficit,CLBP vs MDD,67,33,514.0,5.577759524712078e-06,-0.535052012663953,0.535052012663953,large,6.845432143964824e-06
Agency Deficit,CLBP vs HC,67,31,1772.0,6.658510280335445e-09,0.7063071738083775,-0.7063071738083775,large,9.987765420503168e-09
Agency Deficit,MDD vs HC,33,31,973.5,3.918882737323562e-10,0.903225806451613,-0.903225806451613,large,8.139217992902783e-10
Narrative Fragmentation,CLBP vs MDD,67,33,762.5,0.005785658642635232,-0.31026684758028045,0.31026684758028045,small,0.005785658642635232
Narrative Fragmentation,CLBP vs HC,67,31,1570.0,6.201686694033218e-06,0.5117958594126144,-0.5117958594126144,large,7.280240901691169e-06
Narrative Fragmentation,MDD vs HC,33,31,865.5,8.014182366758522e-07,0.6920821114369502,-0.6920821114369502,large,1.0819146195124005e-06
