dx,study_id,metric,mean,sd,cv_pct
CLBP,1202,LL_Pain,6.428571428571429,0.49741600337380687,7.737582274703662
CLBP,1202,LL_PPain,7.36734693877551,0.5446602100135236,7.392894817358077
CLBP,1202,LL_EPain,4.040816326530612,0.40406101782088427,9.999489834961278
CLBP,1202,LL_Dep,3.010204081632653,0.10101525445522107,3.3557609954615812
CLBP,1202,LL_QoL,6.571428571428571,0.49741600337380687,7.5693739643840185
CLBP,1202,LL_Anx,2.010204081632653,0.10101525445522107,5.025124333305414
CLBP,1203,LL_Pain,6.163265306122449,0.371507865105804,6.027776619266357
CLBP,1203,LL_PPain,6.775510204081633,0.6012120446025808,8.873310296845318
CLBP,1203,LL_EPain,4.13265306122449,0.603046477189218,14.592235744331694
CLBP,1203,LL_Dep,3.0816326530612246,0.27521198531482943,8.930720053262677
CLBP,1203,LL_QoL,6.336734693877551,0.4962514650012477,7.831343570068
CLBP,1203,LL_Anx,4.642857142857143,0.4816209743009516,10.373374831097419
CLBP,1204,LL_Pain,4.081632653061225,0.39776357759987735,9.745207651196996
CLBP,1204,LL_PPain,3.7857142857142856,1.220528869650155,32.24038523604184
CLBP,1204,LL_EPain,4.795918367346939,1.2514666338082898,26.094410662385613
CLBP,1204,LL_Dep,5.642857142857143,0.6461623427559642,11.450978226055062
CLBP,1204,LL_QoL,5.387755102040816,0.5103597490273983,9.472586250887318
CLBP,1204,LL_Anx,4.142857142857143,0.6092076990801715,14.705013426073101
CLBP,1205,LL_Pain,6.173469387755102,0.38059937006848643,6.165080705241599
CLBP,1205,LL_PPain,7.173469387755102,0.38059937006848643,5.305652669518019
CLBP,1205,LL_EPain,3.36734693877551,0.723504573643675,21.4858933991152
CLBP,1205,LL_Dep,2.0,0.0,0.0
CLBP,1205,LL_QoL,6.826530612244898,0.38059937006848643,5.575297199807424
CLBP,1205,LL_Anx,2.2857142857142856,0.8494995494619655,37.16560528896099
CLBP,1206,LL_Pain,6.683673469387755,0.6023483044779215,9.012234173868139
CLBP,1206,LL_PPain,7.653061224489796,0.5580163840540098,7.291414084972395
CLBP,1206,LL_EPain,4.0,0.0,0.0
CLBP,1206,LL_Dep,2.13265306122449,0.3409433578146888,15.986817734851439
CLBP,1206,LL_QoL,6.387755102040816,0.4897433171838879,7.666908160386744
CLBP,1206,LL_Anx,2.8877551020408165,0.34826974559291013,12.06022440569088
CLBP,1207,LL_Pain,6.0,0.0,0.0
CLBP,1207,LL_PPain,7.0,0.0,0.0
CLBP,1207,LL_EPain,2.9693877551020407,0.7659517579577843,25.794938927787925
CLBP,1207,LL_Dep,2.122448979591837,0.32948901777449197,15.524001798990486
CLBP,1207,LL_QoL,7.0,0.0,0.0
CLBP,1207,LL_Anx,1.6938775510204083,0.723795312885325,42.730084736603516
CLBP,1208,LL_Pain,6.0,0.0,0.0
CLBP,1208,LL_PPain,6.86734693877551,0.340943357814689,4.964702684374371
CLBP,1208,LL_EPain,3.979591836734694,0.20203050891044216,5.076664070057264
CLBP,1208,LL_Dep,2.989795918367347,0.10101525445522107,3.378667213860637
CLBP,1208,LL_QoL,7.0,0.0,0.0
CLBP,1208,LL_Anx,4.989795918367347,0.101015254455221,2.0244365923541223
CLBP,1210,LL_Pain,6.316326530612245,0.4674329716656821,7.400392766274126
CLBP,1210,LL_PPain,6.071428571428571,0.8279897404613651,13.63747807818719
CLBP,1210,LL_EPain,5.051020408163265,1.5556511480484863,30.79875000176801
CLBP,1210,LL_Dep,3.2346938775510203,0.44953631111810716,13.897337062957257
CLBP,1210,LL_QoL,5.979591836734694,0.5368789499905763,8.978521689262196
CLBP,1210,LL_Anx,4.051020408163265,0.7648522393461507,18.88048349015687
CLBP,1211,LL_Pain,6.969387755102041,0.5459141889566408,7.833029358382254
CLBP,1211,LL_PPain,7.795918367346939,0.4531489746953093,5.812643916248732
CLBP,1211,LL_EPain,4.418367346938775,0.6874946206013361,15.55992443855218
CLBP,1211,LL_Dep,6.183673469387755,0.6150507275283884,9.946364900624104
CLBP,1211,LL_QoL,3.989795918367347,0.10101525445522107,2.531840137240835
CLBP,1211,LL_Anx,3.204081632653061,0.6085165953987266,18.991919219450704
CLBP,1212,LL_Pain,6.142857142857143,0.3517262290563296,5.725775821847226
CLBP,1212,LL_PPain,7.142857142857143,0.3517262290563296,4.924167206788614
CLBP,1212,LL_EPain,3.357142857142857,0.4816209743009517,14.346156681304944
CLBP,1212,LL_Dep,2.13265306122449,0.34094335781468876,15.986817734851435
CLBP,1212,LL_QoL,6.214285714285714,0.41243556197726833,6.636894100783628
CLBP,1212,LL_Anx,3.183673469387755,0.8291958441457988,26.04525407893855
CLBP,1213,LL_Pain,6.0,0.0,0.0
CLBP,1213,LL_PPain,5.36734693877551,0.7784170443197136,14.50282706146995
CLBP,1213,LL_EPain,6.561224489795919,0.9531967541791004,14.527726580023614
CLBP,1213,LL_Dep,3.938775510204082,0.24097424812632215,6.117999045694189
CLBP,1213,LL_QoL,6.346938775510204,0.47844336976134194,7.538175279197993
CLBP,1213,LL_Anx,2.938775510204082,0.24097424812632215,8.199818165409573
CLBP,1215,LL_Pain,5.551020408163265,0.8387822417432007,15.110415384344424
CLBP,1215,LL_PPain,5.357142857142857,1.0673215343709497,19.923335308257727
CLBP,1215,LL_EPain,3.520408163265306,1.567910105754309,44.53773633736878
CLBP,1215,LL_Dep,2.142857142857143,0.3799077478904799,17.72902823488906
CLBP,1215,LL_QoL,7.0,0.0,0.0
CLBP,1215,LL_Anx,2.520408163265306,0.7492895856954394,29.728898541762373
CLBP,1216,LL_Pain,5.795918367346939,0.6085165953987266,10.499053934696338
CLBP,1216,LL_PPain,6.857142857142857,0.4540766091864997,6.621950550636455
CLBP,1216,LL_EPain,2.163265306122449,0.37150786510580414,17.173476783192832
CLBP,1216,LL_Dep,1.3571428571428572,0.4816209743009517,35.48786126428065
CLBP,1216,LL_QoL,8.0,0.0,0.0
CLBP,1216,LL_Anx,1.5714285714285714,0.49741600337380687,31.653745669242255
CLBP,1217,LL_Pain,6.0,0.0,0.0
CLBP,1217,LL_PPain,7.0,0.0,0.0
CLBP,1217,LL_EPain,3.826530612244898,0.38059937006848615,9.946330204456439
CLBP,1217,LL_Dep,2.1020408163265305,0.3042582976993633,14.474423871134759
CLBP,1217,LL_QoL,6.979591836734694,0.14211885810680203,2.0362058617641225
CLBP,1217,LL_Anx,2.6020408163265305,0.6996287073968306,26.887691499956627
CLBP,1218,LL_Pain,7.6020408163265305,0.49199354447125493,6.471861390360132
CLBP,1218,LL_PPain,8.418367346938776,0.6568194119799697,7.802218469580245
CLBP,1218,LL_EPain,5.673469387755102,0.8094227318571204,14.26680354712191
CLBP,1218,LL_Dep,4.408163265306122,0.7843407461424728,17.79291507452832
CLBP,1218,LL_QoL,3.3469387755102042,0.5392251182685031,16.11099438729064
CLBP,1218,LL_Anx,4.408163265306122,1.1107416923345677,25.19738098351566
CLBP,1219,LL_Pain,7.051020408163265,0.5810131389396029,8.240128453846756
CLBP,1219,LL_PPain,6.520408163265306,0.7763195196784024,11.905995763455937
CLBP,1219,LL_EPain,6.653061224489796,1.6188454637142409,24.332339792023866
CLBP,1219,LL_Dep,5.030612244897959,0.8180197566824062,16.260838976648238
CLBP,1219,LL_QoL,4.5,0.5963808372950826,13.252907495446282
CLBP,1219,LL_Anx,3.142857142857143,0.4540766091864998,14.447892110479538
CLBP,1221,LL_Pain,8.0,0.0,0.0
CLBP,1221,LL_PPain,8.285714285714286,0.8615497903412855,10.398014711015515
CLBP,1221,LL_EPain,4.326530612244898,0.90560124362508,20.931349498881563
CLBP,1221,LL_Dep,2.857142857142857,0.6886412739037003,24.102444586629513
CLBP,1221,LL_QoL,5.969387755102041,0.1731504103107607,2.9006393522144527
CLBP,1221,LL_Anx,2.7653061224489797,0.8828377442330735,31.925497761934025
CLBP,1222,LL_Pain,6.0,0.0,0.0
CLBP,1222,LL_PPain,7.0,0.0,0.0
CLBP,1222,LL_EPain,4.0,0.0,0.0
CLBP,1222,LL_Dep,2.9285714285714284,0.25886349545339626,8.839241308164752
CLBP,1222,LL_QoL,5.010204081632653,0.101015254455221,2.0161904147885252
CLBP,1222,LL_Anx,2.0714285714285716,0.25886349545339626,12.49685840119844
CLBP,1223,LL_Pain,5.6938775510204085,0.7237953128853248,12.711817323075596
CLBP,1223,LL_PPain,6.826530612244898,0.4313849718042925,6.3192417394350775
CLBP,1223,LL_EPain,2.2244897959183674,0.4193911208716005,18.8533623144114
CLBP,1223,LL_Dep,1.5918367346938775,0.4940206326063458,31.034629484244803
CLBP,1223,LL_QoL,8.0,0.0,0.0
CLBP,1223,LL_Anx,1.469387755102041,0.5016278990714803,34.13856535347574
CLBP,1224,LL_Pain,5.061224489795919,1.0032557981429604,19.822392785889136
CLBP,1224,LL_PPain,4.0,0.0,0.0
CLBP,1224,LL_EPain,2.0,0.0,0.0
CLBP,1224,LL_Dep,2.3979591836734695,0.49199354447125476,20.517177599226795
CLBP,1224,LL_QoL,7.142857142857143,0.35172622905632944,4.924167206788612
CLBP,1224,LL_Anx,1.3979591836734695,0.49199354447125465,35.1936988015934
CLBP,1225,LL_Pain,6.0,0.0,0.0
CLBP,1225,LL_PPain,5.744897959183674,0.8162173817204559,14.207691546821433
CLBP,1225,LL_EPain,5.23469387755102,1.4344870156632503,27.403455659843768
CLBP,1225,LL_Dep,3.622448979591837,0.4872668593444899,13.451310483312678
CLBP,1225,LL_QoL,6.948979591836735,0.22117068930131145,3.1827793761422205
CLBP,1225,LL_Anx,5.887755102040816,0.6072186559285885,10.313245802599944
CLBP,1226,LL_Pain,7.520408163265306,0.6616067888296321,8.797485116052096
CLBP,1226,LL_PPain,7.714285714285714,0.5561279983200486,7.209066644889519
CLBP,1226,LL_EPain,3.663265306122449,1.148229273694715,31.34442028470253
CLBP,1226,LL_Dep,3.1020408163265305,0.5651347055616516,18.218158271395346
CLBP,1226,LL_QoL,5.826530612244898,0.38059937006848626,6.532178330422356
CLBP,1226,LL_Anx,2.2857142857142856,0.5561279983200486,24.330599926502124
CLBP,1227,LL_Pain,6.0,0.0,0.0
CLBP,1227,LL_PPain,6.377551020408164,0.7393966071946143,11.593738800811552
CLBP,1227,LL_EPain,2.061224489795918,0.8099424254784675,39.29423648360883
CLBP,1227,LL_Dep,1.2551020408163265,0.5618677338173732,44.766697491140306
CLBP,1227,LL_QoL,8.0,0.0,0.0
CLBP,1227,LL_Anx,1.8061224489795917,0.668251500055106,36.999235596271404
CLBP,1228,LL_Pain,6.23469387755102,0.42598631235363044,6.832513684231715
CLBP,1228,LL_PPain,6.969387755102041,0.5998983012205314,8.607618377688446
CLBP,1228,LL_EPain,3.336734693877551,0.7987603481867839,23.93838352364062
CLBP,1228,LL_Dep,2.2551020408163267,0.43815979972937374,19.429710576234672
CLBP,1228,LL_QoL,6.479591836734694,0.5021519020338161,7.7497458896557445
CLBP,1228,LL_Anx,2.183673469387755,0.8536995146717172,39.09465067188238
CLBP,1229,LL_Pain,6.0,0.0,0.0
CLBP,1229,LL_PPain,7.0,0.0,0.0
CLBP,1229,LL_EPain,4.0,0.0,0.0
CLBP,1229,LL_Dep,3.0,0.0,0.0
CLBP,1229,LL_QoL,5.0,0.0,0.0
CLBP,1229,LL_Anx,2.0,0.0,0.0
CLBP,1230,LL_Pain,7.673469387755102,0.4713549279740207,6.142657306044419
CLBP,1230,LL_PPain,8.673469387755102,0.4713549279740214,5.434445051935776
CLBP,1230,LL_EPain,4.387755102040816,0.7947333477625471,18.112527460634794
CLBP,1230,LL_Dep,3.163265306122449,0.447072437015038,14.133257686281848
CLBP,1230,LL_QoL,5.785714285714286,0.4124355619772683,7.128515886026859
CLBP,1230,LL_Anx,2.2857142857142856,0.6259014118210533,27.383186767171086
CLBP,1231,LL_Pain,4.0,0.0,0.0
CLBP,1231,LL_PPain,4.0,0.0,0.0
CLBP,1231,LL_EPain,2.0,0.0,0.0
CLBP,1231,LL_Dep,2.2346938775510203,0.42598631235363027,19.06240119208026
CLBP,1231,LL_QoL,7.13265306122449,0.34094335781468893,4.780035631736697
CLBP,1231,LL_Anx,4.142857142857143,1.0051414220648334,24.26203432570287
CLBP,1232,LL_Pain,6.0,0.0,0.0
CLBP,1232,LL_PPain,6.244897959183674,0.9312581500624021,14.912303710149574
CLBP,1232,LL_EPain,4.040816326530612,1.2916733121411568,31.965652674200346
CLBP,1232,LL_Dep,2.7755102040816326,0.5082943429451691,18.31354617964212
CLBP,1232,LL_QoL,6.989795918367347,0.10101525445522089,1.4451817425710434
CLBP,1232,LL_Anx,2.826530612244898,0.8854553281947584,31.326578398226108
CLBP,1233,LL_Pain,5.571428571428571,0.8248711239545367,14.80537914790194
CLBP,1233,LL_PPain,4.836734693877551,1.0906715754928473,22.549749873058868
CLBP,1233,LL_EPain,4.510204081632653,1.8625163001248044,41.29561027426036
CLBP,1233,LL_Dep,2.0510204081632653,0.22117068930131153,10.78344654304902
CLBP,1233,LL_QoL,7.030612244897959,0.17315041031076076,2.462806997163215
CLBP,1233,LL_Anx,3.010204081632653,0.3659445611548811,12.156802370568933
CLBP,1234,LL_Pain,6.0,0.0,0.0
CLBP,1234,LL_PPain,6.928571428571429,0.25886349545339626,3.736174161183039
CLBP,1234,LL_EPain,3.683673469387755,0.6023483044779213,16.351837628486507
CLBP,1234,LL_Dep,3.979591836734694,0.7176650546420131,18.033634706389048
CLBP,1234,LL_QoL,7.0,0.0,0.0
CLBP,1234,LL_Anx,2.5510204081632653,0.49994739887419043,19.597938035868264
CLBP,1235,LL_Pain,6.744897959183674,0.4381597997293737,6.496166471025509
CLBP,1235,LL_PPain,7.744897959183674,0.4381597997293737,5.657399258692835
CLBP,1235,LL_EPain,3.86734693877551,0.3409433578146889,8.81594962159354
CLBP,1235,LL_Dep,2.622448979591837,0.48726685934448993,18.580603975003896
CLBP,1235,LL_QoL,6.0,0.14359163172354752,2.3931938620591255
CLBP,1235,LL_Anx,2.1530612244897958,0.5626161427189675,26.130986723440202
CLBP,1236,LL_Pain,6.142857142857143,0.3517262290563295,5.725775821847224
CLBP,1236,LL_PPain,7.255102040816326,0.4381597997293737,6.039333385861973
CLBP,1236,LL_EPain,2.1020408163265305,0.3042582976993632,14.474423871134753
CLBP,1236,LL_Dep,1.663265306122449,0.475023115032157,28.55967194671864
CLBP,1236,LL_QoL,6.918367346938775,0.44660158650313314,6.455303167744403
CLBP,1236,LL_Anx,1.8061224489795917,0.7551631661648263,41.81129394584914
CLBP,1237,LL_Pain,7.224489795918367,0.41939112087160035,5.805131334098423
CLBP,1237,LL_PPain,8.16326530612245,0.3715078651058041,4.5509713475461
CLBP,1237,LL_EPain,4.040816326530612,0.28423771621360405,7.03416570427606
CLBP,1237,LL_Dep,3.520408163265306,1.0862741754559808,30.856483824546704
CLBP,1237,LL_QoL,5.836734693877551,0.42338541216902364,7.253806012686069
CLBP,1237,LL_Anx,2.4285714285714284,0.9081532183729997,37.39454428594705
CLBP,1239,LL_Pain,6.0,0.0,0.0
CLBP,1239,LL_PPain,7.0,0.0,0.0
CLBP,1239,LL_EPain,4.0,0.0,0.0
CLBP,1239,LL_Dep,2.857142857142857,0.35172622905632944,12.31041801697153
CLBP,1239,LL_QoL,5.76530612244898,0.42598631235363005,7.388789134629335
CLBP,1239,LL_Anx,3.826530612244898,0.5748242260080962,15.022073106344916
CLBP,1240,LL_Pain,6.0,0.0,0.0
CLBP,1240,LL_PPain,7.0,0.0,0.0
CLBP,1240,LL_EPain,3.663265306122449,0.47502311503215683,12.967204811462777
CLBP,1240,LL_Dep,2.173469387755102,0.3805993700684862,17.511144726155703
CLBP,1240,LL_QoL,7.0,0.0,0.0
CLBP,1240,LL_Anx,3.5408163265306123,0.6606520887813105,18.658185792671016
CLBP,1241,LL_Pain,6.173469387755102,0.3805993700684861,6.165080705241594
CLBP,1241,LL_PPain,7.3061224489795915,0.46325080079725883,6.3405835863311975
CLBP,1241,LL_EPain,3.683673469387755,0.6192269669583664,16.810039546238205
CLBP,1241,LL_Dep,2.163265306122449,0.3715078651058041,17.17347678319283
CLBP,1241,LL_QoL,6.755102040816326,0.43223763247041236,6.398683985211543
CLBP,1241,LL_Anx,2.9489795918367347,0.5443704200435475,18.45961978002341
CLBP,1242,LL_Pain,6.0,0.0,0.0
CLBP,1242,LL_PPain,7.0,0.0,0.0
CLBP,1242,LL_EPain,3.020408163265306,0.7595385446160164,25.146884247422168
CLBP,1242,LL_Dep,2.0816326530612246,0.2752119853148295,13.220967921986906
CLBP,1242,LL_QoL,7.0,0.0,0.0
CLBP,1242,LL_Anx,1.7448979591836735,0.7774028197270085,44.55291013640166
CLBP,1243,LL_Pain,6.153061224489796,0.36189765644266264,5.881587119631996
CLBP,1243,LL_PPain,7.112244897959184,0.3767099313747666,5.296638920333877
CLBP,1243,LL_EPain,3.693877551020408,0.46325080079725867,12.541043778489325
CLBP,1243,LL_Dep,2.2346938775510203,0.42598631235363016,19.062401192080255
CLBP,1243,LL_QoL,6.204081632653061,0.40510107364131753,6.529589673823868
CLBP,1243,LL_Anx,2.357142857142857,0.7071067811865476,29.998469504883836
CLBP,1244,LL_Pain,7.285714285714286,0.45407660918649984,6.232424047657841
CLBP,1244,LL_PPain,8.26530612244898,0.4437659922058219,5.369020646440808
CLBP,1244,LL_EPain,4.173469387755102,0.5182347158409153,12.417359939464475
CLBP,1244,LL_Dep,3.1020408163265305,0.3042582976993632,9.808326702150524
CLBP,1244,LL_QoL,6.0,0.0,0.0
CLBP,1244,LL_Anx,2.122448979591837,0.4128179779722444,19.450077808307668
CLBP,1245,LL_Pain,6.3979591836734695,0.49199354447125493,7.6898512532987215
CLBP,1245,LL_PPain,7.438775510204081,0.4987887706680879,6.70525370719789
CLBP,1245,LL_EPain,3.7857142857142856,0.4367168985561882,11.535918075069123
CLBP,1245,LL_Dep,2.4183673469387754,0.4958273183724703,20.502564219621135
CLBP,1245,LL_QoL,6.061224489795919,0.2409742481263221,3.9756694135319135
CLBP,1245,LL_Anx,2.806122448979592,0.8079267506007017,28.791571475952278
CLBP,1246,LL_Pain,6.0,0.0,0.0
CLBP,1246,LL_PPain,6.3061224489795915,0.9350909682337281,14.828303379758148
CLBP,1246,LL_EPain,4.336734693877551,1.4849338042868525,34.2408265459086
CLBP,1246,LL_Dep,2.479591836734694,0.5021519020338162,20.251393579964603
CLBP,1246,LL_QoL,7.13265306122449,0.3409433578146889,4.7800356317366965
CLBP,1246,LL_Anx,3.2448979591836733,0.7330380855325,22.590481881190254
CLBP,1247,LL_Pain,6.377551020408164,0.4872668593444898,7.6403443545216
CLBP,1247,LL_PPain,7.295918367346939,0.5412696733115495,7.418801116717741
CLBP,1247,LL_EPain,3.4183673469387754,0.7722436102435297,22.591007105631615
CLBP,1247,LL_Dep,2.479591836734694,0.5021519020338161,20.2513935799646
CLBP,1247,LL_QoL,6.275510204081633,0.44906804400026723,7.155881026345721
CLBP,1247,LL_Anx,1.9387755102040816,0.6060915267313264,31.261562957721047
CLBP,1248,LL_Pain,5.714285714285714,0.703452458112659,12.310418016971532
CLBP,1248,LL_PPain,5.36734693877551,0.8661772288594618,16.137902743008983
CLBP,1248,LL_EPain,2.938775510204082,1.6233878698231403,55.240281681481854
CLBP,1248,LL_Dep,1.7040816326530612,0.45880129952155524,26.923669073720006
CLBP,1248,LL_QoL,7.969387755102041,0.17315041031076064,2.1726940090210682
CLBP,1248,LL_Anx,2.377551020408163,0.7253197819099351,30.50701228634062
CLBP,1249,LL_Pain,3.0,0.0,0.0
CLBP,1249,LL_PPain,3.0,0.0,0.0
CLBP,1249,LL_EPain,0.0,0.0,
CLBP,1249,LL_Dep,0.0,0.0,
CLBP,1249,LL_QoL,8.16326530612245,0.3715078651058041,4.5509713475461
CLBP,1249,LL_Anx,1.0,0.0,0.0
CLBP,1250,LL_Pain,7.448979591836735,0.4999473988741903,6.711622615023377
CLBP,1250,LL_PPain,6.959183673469388,0.7854129827963944,11.285993007924727
CLBP,1250,LL_EPain,5.183673469387755,1.5015245776300212,28.966419017272067
CLBP,1250,LL_Dep,3.5408163265306123,0.5008933739847539,14.146268198993047
CLBP,1250,LL_QoL,5.8979591836734695,0.3042582976993633,5.1587047014770935
CLBP,1250,LL_Anx,4.969387755102041,0.41750564247444766,8.401550916323588
CLBP,1251,LL_Pain,6.0,0.0,0.0
CLBP,1251,LL_PPain,6.704081632653061,0.458801299521555,6.843611469271292
CLBP,1251,LL_EPain,2.673469387755102,0.8345072032338042,31.214391571340766
CLBP,1251,LL_Dep,2.1020408163265305,0.30425829769936324,14.474423871134757
CLBP,1251,LL_QoL,7.0,0.0,0.0
CLBP,1251,LL_Anx,1.7857142857142858,0.8027016238349195,44.95129093475549
CLBP,1252,LL_Pain,6.0,0.0,0.0
CLBP,1252,LL_PPain,6.551020408163265,0.4999473988741903,7.631595808359915
CLBP,1252,LL_EPain,2.0918367346938775,0.29028015951453606,13.876807625572942
CLBP,1252,LL_Dep,1.7959183673469388,0.4051010736413176,22.556764327755182
CLBP,1252,LL_QoL,7.969387755102041,0.17315041031076073,2.172694009021069
CLBP,1252,LL_Anx,2.0408163265306123,0.7984310303627736,39.12312048777591
CLBP,1253,LL_Pain,6.0,0.0,0.0
CLBP,1253,LL_PPain,7.0,0.0,0.0
CLBP,1253,LL_EPain,2.0918367346938775,0.2902801595145362,13.876807625572948
CLBP,1253,LL_Dep,1.7653061224489797,0.4259863123536303,24.13101653795131
CLBP,1253,LL_QoL,7.826530612244898,0.3805993700684863,4.86293849631182
CLBP,1253,LL_Anx,1.4285714285714286,0.6421612990679354,44.95129093475548
CLBP,1254,LL_Pain,6.0,0.0,0.0
CLBP,1254,LL_PPain,7.0,0.0,0.0
CLBP,1254,LL_EPain,2.7346938775510203,0.6349124529009705,23.21694790458773
CLBP,1254,LL_Dep,1.969387755102041,0.17315041031076064,8.79209337329251
CLBP,1254,LL_QoL,7.020408163265306,0.14211885810680203,2.0243674555910753
CLBP,1254,LL_Anx,1.7448979591836735,0.7079988422408251,40.57537224538062
CLBP,1256,LL_Pain,4.673469387755102,0.9500462300643137,20.328500119280076
CLBP,1256,LL_PPain,5.142857142857143,1.0153461651336189,19.742842099820365
CLBP,1256,LL_EPain,2.1530612244897958,0.722995498643165,33.579885718971646
CLBP,1256,LL_Dep,1.5,0.5420465229015778,36.13643486010519
CLBP,1256,LL_QoL,7.826530612244898,0.3805993700684862,4.862938496311818
CLBP,1256,LL_Anx,1.2959183673469388,0.5956748520374888,45.96546102336528
CLBP,1258,LL_Pain,4.73469387755102,0.9691214047143583,20.468512427156703
CLBP,1258,LL_PPain,5.551020408163265,1.0266796545082966,18.495332011362695
CLBP,1258,LL_EPain,2.173469387755102,0.4979444386692989,22.910119713423143
CLBP,1258,LL_Dep,1.6734693877551021,0.47135492797402095,28.166331061862227
CLBP,1258,LL_QoL,7.3061224489795915,0.46325080079725856,6.340583586331193
CLBP,1258,LL_Anx,1.6938775510204083,0.7379012207984186,43.56284315556928
CLBP,1259,LL_Pain,6.959183673469388,0.5357020126232814,7.6977708558770646
CLBP,1259,LL_PPain,7.8979591836734695,0.4650639224075548,5.888406252705474
CLBP,1259,LL_EPain,3.7244897959183674,0.4714665044764653,12.658552722929754
CLBP,1259,LL_Dep,3.2551020408163267,0.43815979972937386,13.460708581027786
CLBP,1259,LL_QoL,6.112244897959184,0.3172904962243896,5.191063210348944
CLBP,1259,LL_Anx,4.989795918367347,0.10101525445522107,2.0244365923541237
CLBP,1260,LL_Pain,5.122448979591836,0.9975775413361762,19.474621324889497
CLBP,1260,LL_PPain,5.153061224489796,0.9121408013973188,17.700950205334106
CLBP,1260,LL_EPain,2.795918367346939,0.994408943999693,35.56645128174084
CLBP,1260,LL_Dep,1.5510204081632653,0.49994739887419026,32.23345071688858
CLBP,1260,LL_QoL,7.948979591836735,0.2211706893013116,2.7823783763194525
CLBP,1260,LL_Anx,5.6938775510204085,0.7517424880614553,13.202645847674303
CLBP,1262,LL_Pain,6.744897959183674,0.4381597997293737,6.496166471025509
CLBP,1262,LL_PPain,7.479591836734694,0.7212473707609485,9.642870714130007
CLBP,1262,LL_EPain,3.9693877551020407,0.17315041031076062,4.362144012970319
CLBP,1262,LL_Dep,3.010204081632653,0.17556377283962654,5.832288046875729
CLBP,1262,LL_QoL,5.989795918367347,0.10101525445522108,1.6864556961859738
CLBP,1262,LL_Anx,2.9591836734693877,1.1480002096603383,38.794489843694194
CLBP,1263,LL_Pain,5.081632653061225,1.0017867479695075,19.713875763255366
CLBP,1263,LL_PPain,4.642857142857143,0.6134237196211233,13.212203191839578
CLBP,1263,LL_EPain,1.5204081632653061,0.5021519020338162,33.02744053645234
CLBP,1263,LL_Dep,1.8673469387755102,0.3409433578146889,18.25816888843689
CLBP,1263,LL_QoL,7.948979591836735,0.22117068930131156,2.782378376319452
CLBP,1263,LL_Anx,2.5510204081632653,0.7748953900744244,30.37589929091744
CLBP,1264,LL_Pain,6.0,0.0,0.0
CLBP,1264,LL_PPain,5.26530612244898,0.5662504711208666,10.754369412760644
CLBP,1264,LL_EPain,6.020408163265306,1.414064783922063,23.48785573294274
CLBP,1264,LL_Dep,2.693877551020408,0.679723462042964,25.232158818261542
CLBP,1264,LL_QoL,7.0,0.0,0.0
CLBP,1264,LL_Anx,3.3979591836734695,0.5696769914657889,16.765268817912105
CLBP,1301,LL_Pain,6.510204081632653,0.5024660415090424,7.718130418163974
CLBP,1301,LL_PPain,7.204081632653061,0.6880299632870738,9.550557564041535
CLBP,1301,LL_EPain,4.663265306122449,0.9626411001250182,20.643069543162316
CLBP,1301,LL_Dep,6.540816326530612,0.9213209627658144,14.085718307496073
CLBP,1301,LL_QoL,5.76530612244898,0.9172012607632167,15.90897762031774
CLBP,1301,LL_Anx,3.3877551020408165,0.4897433171838877,14.456278639765358
CLBP,1302,LL_Pain,6.0,0.0,0.0
CLBP,1302,LL_PPain,7.0,0.0,0.0
CLBP,1302,LL_EPain,4.0,0.0,0.0
CLBP,1302,LL_Dep,4.795918367346939,0.40510107364131737,8.446788344010447
CLBP,1302,LL_QoL,6.275510204081633,0.4490680440002671,7.15588102634572
CLBP,1302,LL_Anx,3.0,0.0,0.0
CLBP,1303,LL_Pain,6.0,0.0,0.0
CLBP,1303,LL_PPain,5.0,0.0,0.0
CLBP,1303,LL_EPain,7.0,0.0,0.0
CLBP,1303,LL_Dep,8.0,0.0,0.0
CLBP,1303,LL_QoL,4.0,0.0,0.0
CLBP,1303,LL_Anx,6.683673469387755,0.6673063065126469,9.98412489133426
CLBP,1306,LL_Pain,5.918367346938775,0.3977635775998772,6.720832862894477
CLBP,1306,LL_PPain,6.153061224489796,0.8775791539631342,14.26248044583535
CLBP,1306,LL_EPain,2.9591836734693877,0.9939857011867352,33.589861626310366
CLBP,1306,LL_Dep,2.204081632653061,0.40510107364131764,18.379585748541267
CLBP,1306,LL_QoL,7.153061224489796,0.36189765644266236,5.0593395622512
CLBP,1306,LL_Anx,3.010204081632653,0.6340005196782103,21.061712179140546
CLBP,1308,LL_Pain,7.785714285714286,0.4124355619772684,5.297337493286016
CLBP,1308,LL_PPain,8.489795918367347,0.6922978019473316,8.154469301783472
CLBP,1308,LL_EPain,5.938775510204081,0.6551355652676801,11.031492336122449
CLBP,1308,LL_Dep,6.26530612244898,1.0309741205683665,16.455287266400635
CLBP,1308,LL_QoL,4.122448979591836,0.3594183767352896,8.718564584172867
CLBP,1308,LL_Anx,6.142857142857143,0.8494995494619654,13.829062433101761
CLBP,1309,LL_Pain,8.0,0.0,0.0
CLBP,1309,LL_PPain,6.989795918367347,0.10101525445522104,1.4451817425710456
CLBP,1309,LL_EPain,9.0,0.0,0.0
CLBP,1309,LL_Dep,8.785714285714286,0.4124355619772684,4.694388510310372
CLBP,1309,LL_QoL,2.8979591836734695,0.9136964227554071,31.528961066911933
CLBP,1309,LL_Anx,7.969387755102041,0.30304576336566325,3.8026228949852756
CLBP,1310,LL_Pain,8.0,0.0,0.0
CLBP,1310,LL_PPain,8.83673469387755,0.5504239706296594,6.228816295809079
CLBP,1310,LL_EPain,7.13265306122449,0.468332314434003,6.566032448430943
CLBP,1310,LL_Dep,6.908163265306122,0.9853225406698631,14.263162331705553
CLBP,1310,LL_QoL,3.5510204081632653,0.49994739887419043,14.078978474043295
CLBP,1310,LL_Anx,5.469387755102041,0.5016278990714804,9.171554871083037
CLBP,1311,LL_Pain,6.76530612244898,0.6389588891501432,9.444641197091107
CLBP,1311,LL_PPain,5.948979591836735,0.6791815720605466,11.416774281635261
CLBP,1311,LL_EPain,7.561224489795919,0.9955191002596061,13.166109558089257
CLBP,1311,LL_Dep,8.0,0.1435916317235475,1.7948953965443437
CLBP,1311,LL_QoL,4.081632653061225,0.3977635775998774,9.745207651196996
CLBP,1311,LL_Anx,5.744897959183674,0.7079988422408249,12.32395853278878
CLBP,1312,LL_Pain,6.0,0.0,0.0
CLBP,1312,LL_PPain,7.0,0.0,0.0
CLBP,1312,LL_EPain,3.9489795918367347,0.22117068930131153,5.6007047936766226
CLBP,1312,LL_Dep,2.1122448979591835,0.31729049622438965,15.02148242994695
CLBP,1312,LL_QoL,7.163265306122449,0.3715078651058042,5.1862921339556705
CLBP,1312,LL_Anx,2.816326530612245,0.4389993019629094,15.587656374045334
CLBP,1314,LL_Pain,7.428571428571429,0.49741600337380687,6.695984660801246
CLBP,1314,LL_PPain,6.775510204081633,0.7255373017174673,10.70823126028792
CLBP,1314,LL_EPain,8.020408163265307,1.0352507723166202,12.907706830410785
CLBP,1314,LL_Dep,7.969387755102041,0.1731504103107607,2.172694009021069
CLBP,1314,LL_QoL,4.0,0.0,0.0
CLBP,1314,LL_Anx,5.653061224489796,0.47844336976134194,8.463438670868504
CLBP,1315,LL_Pain,8.0,0.0,0.0
CLBP,1315,LL_PPain,9.0,0.0,0.0
CLBP,1315,LL_EPain,6.704081632653061,0.45880129952155524,6.843611469271297
CLBP,1315,LL_Dep,7.8061224489795915,0.39736667388127367,5.090448894165337
CLBP,1315,LL_QoL,2.061224489795918,0.2409742481263222,11.69082985959385
CLBP,1315,LL_Anx,5.020408163265306,1.0049320830180843,20.016939864994363
CLBP,13002,LL_Pain,4.0,0.0,0.0
CLBP,13002,LL_PPain,4.0,0.0,0.0
CLBP,13002,LL_EPain,0.5918367346938775,0.6554566314791945,110.74956876717425
CLBP,13002,LL_Dep,0.5102040816326531,0.5225807876020676,102.42583437000525
CLBP,13002,LL_QoL,8.0,0.0,0.0
CLBP,13002,LL_Anx,0.5306122448979592,0.5598984008103255,105.51931399886902
CLBP,13003,LL_Pain,6.0,0.0,0.0
CLBP,13003,LL_PPain,5.23469387755102,0.42598631235363044,8.137750216502102
CLBP,13003,LL_EPain,5.071428571428571,1.444862922902855,28.490254817802775
CLBP,13003,LL_Dep,4.704081632653061,1.0860804746385606,23.08804479708871
CLBP,13003,LL_QoL,6.857142857142857,0.35172622905632955,5.129340840404806
CLBP,13003,LL_Anx,3.5,0.7495703236542203,21.416294961549152
CLBP,13004,LL_Pain,7.010204081632653,0.6005993219694632,8.567501244979242
CLBP,13004,LL_PPain,6.561224489795919,0.7873526899446898,12.000087653900403
CLBP,13004,LL_EPain,4.030612244897959,1.0498314212502848,26.04645045127289
CLBP,13004,LL_Dep,2.622448979591837,0.5835424369491885,22.251812770825087
CLBP,13004,LL_QoL,6.112244897959184,0.3172904962243895,5.191063210348943
CLBP,13004,LL_Anx,2.8469387755102042,0.8415993710593879,29.561554969111114
HC,1501,LL_Pain,3.36734693877551,0.9348659433313644,27.76268558984052
HC,1501,LL_PPain,1.5816326530612246,0.6723319839593713,42.50873188904412
HC,1501,LL_EPain,5.173469387755102,1.2520128964462236,24.20064375773766
HC,1501,LL_Dep,4.561224489795919,0.7044238199812337,15.443743704286556
HC,1501,LL_QoL,6.0,0.0,0.0
HC,1501,LL_Anx,3.061224489795918,0.6228687626430957,20.347046246341126
HC,1502,LL_Pain,0.9795918367346939,0.8731928830829387,89.13844014805001
HC,1502,LL_PPain,0.2857142857142857,0.45407660918649967,158.92681321527488
HC,1502,LL_EPain,0.6938775510204082,0.6160760976109598,88.78743759687362
HC,1502,LL_Dep,0.7346938775510204,0.5662504711208666,77.07298079145129
HC,1502,LL_QoL,8.224489795918368,0.41939112087160024,5.099296506875536
HC,1502,LL_Anx,1.9795918367346939,0.40562010149497996,20.490087601292803
HC,1503,LL_Pain,0.2857142857142857,0.7034524581126589,246.20836033943064
HC,1503,LL_PPain,0.061224489795918366,0.24097424812632218,393.5912719396596
HC,1503,LL_EPain,0.2653061224489796,0.681886715629378,257.0188389679963
HC,1503,LL_Dep,0.15306122448979592,0.3893436405538458,254.37117849517927
HC,1503,LL_QoL,8.540816326530612,0.5008933739847536,5.864701391936184
HC,1503,LL_Anx,1.3877551020408163,0.6678578319796716,48.125049657358694
HC,1504,LL_Pain,6.0,0.0,0.0
HC,1504,LL_PPain,1.6734693877551021,0.7430157302116084,44.3997204638644
HC,1504,LL_EPain,7.775510204081633,0.6345809924487793,8.161277855640469
HC,1504,LL_Dep,4.112244897959184,0.31729049622438976,7.7157490396998
HC,1504,LL_QoL,5.581632653061225,0.6409314965366288,11.48286776244783
HC,1504,LL_Anx,7.428571428571429,0.49741600337380687,6.695984660801246
HC,1505,LL_Pain,1.4591836734693877,0.8393464240255692,57.52164304510894
HC,1505,LL_PPain,0.29591836734693877,0.45880129952155524,155.04319776935316
HC,1505,LL_EPain,1.2346938775510203,0.7969144155650123,64.54348159121588
HC,1505,LL_Dep,0.9693877551020408,0.41750564247444755,43.069003118416695
HC,1505,LL_QoL,8.224489795918368,0.41939112087160024,5.099296506875536
HC,1505,LL_Anx,1.9183673469387754,0.31041938335413416,16.18143594080061
HC,1506,LL_Pain,2.0,0.0,0.0
HC,1506,LL_PPain,0.23469387755102042,0.4259863123536303,181.50721135067727
HC,1506,LL_EPain,2.1530612244897958,0.3618976564426625,16.808516744730294
HC,1506,LL_Dep,1.8673469387755102,0.9485502242249118,50.79667867433953
HC,1506,LL_QoL,7.826530612244898,0.38059937006848615,4.862938496311817
HC,1506,LL_Anx,1.2959183673469388,0.45880129952155524,35.403564844970404
HC,1507,LL_Pain,1.0918367346938775,0.8625870306472119,79.0032981340437
HC,1507,LL_PPain,0.4897959183673469,0.5024660415090422,102.58681680809612
HC,1507,LL_EPain,0.6632653061224489,0.4750231150321569,71.61886965100211
HC,1507,LL_Dep,0.6632653061224489,0.5733583027392279,86.44479025914514
HC,1507,LL_QoL,8.826530612244898,0.3805993700684863,4.31199286320366
HC,1507,LL_Anx,0.9387755102040817,0.7435818375167516,79.20763051808875
HC,1508,LL_Pain,1.836734693877551,0.3715078651058041,20.22653932242711
HC,1508,LL_PPain,1.0,0.37990774789048004,37.990774789048004
HC,1508,LL_EPain,0.8877551020408163,0.3172904962243896,35.740768540218596
HC,1508,LL_Dep,0.9183673469387755,0.37094110983284506,40.39136529290979
HC,1508,LL_QoL,8.051020408163266,0.2211706893013113,2.747113758115147
HC,1508,LL_Anx,1.7346938775510203,0.4880218942224618,28.133026843412505
HC,1509,LL_Pain,1.010204081632653,0.7929443755167072,78.49348363700737
HC,1509,LL_PPain,0.9489795918367347,0.751252548303026,79.16424702548017
HC,1509,LL_EPain,0.5714285714285714,0.4974160033738069,87.04780059041622
HC,1509,LL_Dep,0.37755102040816324,0.4872668593444898,129.0598708534054
HC,1509,LL_QoL,8.5,0.5025707110324168,5.912596600381375
HC,1509,LL_Anx,1.530612244897959,0.5411724887029357,35.356602595258465
HC,1510,LL_Pain,1.8979591836734695,0.30425829769936336,16.03081353469764
HC,1510,LL_PPain,0.15306122448979592,0.3618976564426625,236.43980220920616
HC,1510,LL_EPain,1.8061224489795917,0.39736667388127356,22.00109267817221
HC,1510,LL_Dep,1.010204081632653,0.26843947499528803,26.57279651468508
HC,1510,LL_QoL,8.0,0.0,0.0
HC,1510,LL_Anx,2.2653061224489797,0.4437659922058223,19.589669926202966
HC,1512,LL_Pain,2.0,0.0,0.0
HC,1512,LL_PPain,0.21428571428571427,0.41243556197726844,192.46992892272527
HC,1512,LL_EPain,2.2142857142857144,0.41243556197726844,18.626122153812123
HC,1512,LL_Dep,2.193877551020408,1.1898034427057071,54.23290110937642
HC,1512,LL_QoL,6.887755102040816,0.31729049622438965,4.6065879451837315
HC,1512,LL_Anx,2.6122448979591835,0.8076011705952986,30.915982311851277
HC,1514,LL_Pain,1.7551020408163265,0.6589780355489843,37.54642295569794
HC,1514,LL_PPain,0.5408163265306123,0.5008933739847539,92.61802009529411
HC,1514,LL_EPain,1.836734693877551,0.9159961908602698,49.87090372461469
HC,1514,LL_Dep,1.1734693877551021,0.5748242260080961,48.985020998950795
HC,1514,LL_QoL,7.928571428571429,0.32900976076768956,4.14967265833122
HC,1514,LL_Anx,1.6224489795918366,0.5655998753708902,34.860872821602044
HC,1516,LL_Pain,2.0,0.0,0.0
HC,1516,LL_PPain,0.4489795918367347,0.49994739887419043,111.35192065834241
HC,1516,LL_EPain,2.4489795918367347,0.4999473988741903,20.41451878736277
HC,1516,LL_Dep,3.3979591836734695,0.7830655581877836,23.04517258330414
HC,1516,LL_QoL,7.061224489795919,0.2409742481263223,3.412641086182021
HC,1516,LL_Anx,2.357142857142857,0.5788363727270017,24.556694600539466
HC,1517,LL_Pain,0.6632653061224489,0.8365845826565087,126.13121400051979
HC,1517,LL_PPain,0.0,0.0,
HC,1517,LL_EPain,0.7244897959183674,0.8221246330489905,113.47635780112826
HC,1517,LL_Dep,0.7755102040816326,0.6345809924487791,81.82754902628993
HC,1517,LL_QoL,8.520408163265307,0.5021519020338161,5.893519329259159
HC,1517,LL_Anx,2.3469387755102042,0.478443369761342,20.385847928961525
HC,1518,LL_Pain,0.0,0.0,
HC,1518,LL_PPain,0.0,0.0,
HC,1518,LL_EPain,0.0,0.0,
HC,1518,LL_Dep,0.0,0.0,
HC,1518,LL_QoL,8.795918367346939,0.4051010736413179,4.605557449750482
HC,1518,LL_Anx,0.0,0.0,
HC,1519,LL_Pain,2.0,0.0,0.0
HC,1519,LL_PPain,0.32653061224489793,0.47135492797402095,144.3524466920439
HC,1519,LL_EPain,2.1122448979591835,0.47369251545755375,22.42602247093733
HC,1519,LL_Dep,1.010204081632653,0.10101525445522108,9.99948983496128
HC,1519,LL_QoL,8.0,0.0,0.0
HC,1519,LL_Anx,2.9489795918367347,0.4154850346428892,14.08911190138517
HC,1522,LL_Pain,1.2653061224489797,0.9476070829586859,74.8915275241542
HC,1522,LL_PPain,0.09183673469387756,0.2902801595145361,316.08284036027266
HC,1522,LL_EPain,1.2040816326530612,0.9301278448151088,77.24790575583107
HC,1522,LL_Dep,0.8979591836734694,0.5074658267579816,56.51323979804794
HC,1522,LL_QoL,7.612244897959184,0.4897433171838881,6.433625346383516
HC,1522,LL_Anx,1.969387755102041,0.46427155297310985,23.57441046184703
HC,1524,LL_Pain,5.510204081632653,0.8644752649408247,15.688625178555707
HC,1524,LL_PPain,2.63265306122449,0.9348659433313643,35.5104118009588
HC,1524,LL_EPain,7.459183673469388,0.863562118742232,11.577166571373287
HC,1524,LL_Dep,3.704081632653061,0.6455108050629184,17.42701347001818
HC,1524,LL_QoL,7.010204081632653,0.10101525445522103,1.4409745177018427
HC,1524,LL_Anx,5.357142857142857,0.6461623427559644,12.061697064778002
HC,1525,LL_Pain,0.10204081632653061,0.30425829769936324,298.17313174537594
HC,1525,LL_PPain,0.0,0.0,
HC,1525,LL_EPain,0.10204081632653061,0.30425829769936324,298.17313174537594
HC,1525,LL_Dep,0.07142857142857142,0.2588634954533963,362.40889363475486
HC,1525,LL_QoL,8.979591836734693,0.14211885810680183,1.5826872834621115
HC,1525,LL_Anx,0.7551020408163265,0.5754643931911372,76.21014936855602
HC,1526,LL_Pain,0.0,0.0,
HC,1526,LL_PPain,0.0,0.0,
HC,1526,LL_EPain,0.0,0.0,
HC,1526,LL_Dep,0.0,0.0,
HC,1526,LL_QoL,9.0,0.0,0.0
HC,1526,LL_Anx,0.0,0.0,
MDD,1401,LL_Pain,6.0,0.0,0.0
MDD,1401,LL_PPain,2.0,0.0,0.0
MDD,1401,LL_EPain,8.0,0.0,0.0
MDD,1401,LL_Dep,7.0,0.0,0.0
MDD,1401,LL_QoL,4.387755102040816,0.48974331718388786,11.161591880004886
MDD,1401,LL_Anx,4.918367346938775,0.6204997883773964,12.615970801034202
MDD,1402,LL_Pain,8.0,0.0,0.0
MDD,1402,LL_PPain,2.0,0.0,0.0
MDD,1402,LL_EPain,8.948979591836734,0.22117068930131142,2.4714626626600364
MDD,1402,LL_Dep,8.479591836734693,0.5021519020338162,5.921887653347051
MDD,1402,LL_QoL,4.0,0.0,0.0
MDD,1402,LL_Anx,7.642857142857143,0.6300057273508276,8.243065591506154
MDD,1403,LL_Pain,7.520408163265306,0.7629242688056753,10.144718906778314
MDD,1403,LL_PPain,1.7959183673469388,0.6085165953987264,33.8833104256109
MDD,1403,LL_EPain,8.673469387755102,0.4927413366325433,5.681017763528147
MDD,1403,LL_Dep,7.857142857142857,0.35172622905632944,4.476515642535102
MDD,1403,LL_QoL,4.0,0.0,0.0
MDD,1403,LL_Anx,6.408163265306122,0.6554566314791944,10.228463357477874
MDD,1404,LL_Pain,6.6938775510204085,0.8544385419473274,12.76447821811556
MDD,1404,LL_PPain,2.0,0.0,0.0
MDD,1404,LL_EPain,8.255102040816327,0.4381597997293739,5.307745410813182
MDD,1404,LL_Dep,7.591836734693878,0.49402063260634593,6.50726102089004
MDD,1404,LL_QoL,5.438775510204081,0.6590578487916374,12.117761572529169
MDD,1404,LL_Anx,5.0,1.2352219217113531,24.704438434227065
MDD,1405,LL_Pain,6.0,0.0,0.0
MDD,1405,LL_PPain,2.0,0.0,0.0
MDD,1405,LL_EPain,8.0,0.0,0.0
MDD,1405,LL_Dep,7.0,0.0,0.0
MDD,1405,LL_QoL,5.030612244897959,0.17315041031076067,3.4419351339664397
MDD,1405,LL_Anx,4.020408163265306,0.1421188581068021,3.534936064585433
MDD,1406,LL_Pain,8.0,0.0,0.0
MDD,1406,LL_PPain,1.7959183673469388,0.6085165953987266,33.883310425610915
MDD,1406,LL_EPain,8.724489795918368,0.44906804400026695,5.1472126680732355
MDD,1406,LL_Dep,9.0,0.0,0.0
MDD,1406,LL_QoL,2.2653061224489797,0.44376599220582214,19.58966992620296
MDD,1406,LL_Anx,9.0,0.0,0.0
MDD,1407,LL_Pain,6.0,0.0,0.0
MDD,1407,LL_PPain,2.0,0.0,0.0
MDD,1407,LL_EPain,8.0,0.0,0.0
MDD,1407,LL_Dep,7.0,0.0,0.0
MDD,1407,LL_QoL,4.86734693877551,0.34094335781468893,7.00470630311101
MDD,1407,LL_Anx,5.224489795918367,0.9141568392234051,17.49753325076049
MDD,1408,LL_Pain,6.020408163265306,0.20203050891044214,3.3557609954615812
MDD,1408,LL_PPain,2.0,0.0,0.0
MDD,1408,LL_EPain,8.010204081632653,0.1010152544552212,1.2610821575301503
MDD,1408,LL_Dep,7.0,0.0,0.0
MDD,1408,LL_QoL,5.183673469387755,0.38920852215985685,7.508353380249207
MDD,1408,LL_Anx,6.163265306122449,0.8210362769465649,13.32144952661645
MDD,1409,LL_Pain,7.908163265306122,0.2902801595145362,3.670639436441877
MDD,1409,LL_PPain,2.0,0.0,0.0
MDD,1409,LL_EPain,8.653061224489797,0.47844336976134194,5.5291804524306025
MDD,1409,LL_Dep,8.959183673469388,0.19888178879993862,2.2198650686097934
MDD,1409,LL_QoL,2.6122448979591835,0.5103597490273983,19.537209142455094
MDD,1409,LL_Anx,5.836734693877551,0.5115949902429245,8.765088993672483
MDD,1410,LL_Pain,6.0,0.0,0.0
MDD,1410,LL_PPain,1.3877551020408163,0.9265016015945176,66.76261540901672
MDD,1410,LL_EPain,7.489795918367347,0.8763195994587474,11.700179938277554
MDD,1410,LL_Dep,7.0,0.0,0.0
MDD,1410,LL_QoL,4.163265306122449,0.3715078651058039,8.923473230482545
MDD,1410,LL_Anx,5.938775510204081,0.24097424812632207,4.057641978759375
MDD,1411,LL_Pain,6.6020408163265305,0.8216126450603337,12.44482831776085
MDD,1411,LL_PPain,1.9591836734693877,0.284237716213604,14.507966765069371
MDD,1411,LL_EPain,8.16326530612245,0.3715078651058042,4.550971347546101
MDD,1411,LL_Dep,7.918367346938775,0.3104193833541342,3.920244789781592
MDD,1411,LL_QoL,4.0,0.0,0.0
MDD,1411,LL_Anx,6.530612244897959,0.6454293166064857,9.883136410536812
MDD,1412,LL_Pain,5.73469387755102,0.681886715629378,11.890551268982035
MDD,1412,LL_PPain,0.7551020408163265,0.9745337186889794,129.0598708534054
MDD,1412,LL_EPain,7.387755102040816,0.9039735086578277,12.236105503931922
MDD,1412,LL_Dep,7.275510204081633,0.44906804400026723,6.172323746427235
MDD,1412,LL_QoL,4.979591836734694,0.6255651768186415,12.562579370538293
MDD,1412,LL_Anx,4.316326530612245,0.5096378090391962,11.807211651499108
MDD,1413,LL_Pain,8.183673469387756,0.38920852215985724,4.755914609933417
MDD,1413,LL_PPain,3.8979591836734695,1.4465728850351491,37.111032129173985
MDD,1413,LL_EPain,9.0,0.0,0.0
MDD,1413,LL_Dep,7.989795918367347,0.17556377283962643,2.1973499027181855
MDD,1413,LL_QoL,2.0,0.0,0.0
MDD,1413,LL_Anx,7.489795918367347,0.7896873707286468,10.543509854415175
MDD,1414,LL_Pain,6.510204081632653,0.7765227535541325,11.927778973088554
MDD,1414,LL_PPain,1.6122448979591837,0.7947333477625471,49.29358739286685
MDD,1414,LL_EPain,8.244897959183673,0.43223763247041275,5.24248613639857
MDD,1414,LL_Dep,6.979591836734694,0.45361302906647166,6.499134042180442
MDD,1414,LL_QoL,4.326530612244898,0.5703229362655419,13.181992394816769
MDD,1414,LL_Anx,4.969387755102041,0.6650956311775048,13.383854590430284
MDD,1415,LL_Pain,5.612244897959184,0.794733347762547,14.160703287405383
MDD,1415,LL_PPain,2.010204081632653,0.10101525445522107,5.025124333305414
MDD,1415,LL_EPain,7.6020408163265305,0.7961219913562092,10.472477201732685
MDD,1415,LL_Dep,6.73469387755102,0.5662504711208666,8.407961540885594
MDD,1415,LL_QoL,5.061224489795919,0.24097424812632223,4.761184741205559
MDD,1415,LL_Anx,4.591836734693878,0.9062979493906186,19.73715534228458
MDD,1416,LL_Pain,6.010204081632653,0.10101525445522089,1.680729191275322
MDD,1416,LL_PPain,1.2448979591836735,0.9745337186889796,78.28221674714754
MDD,1416,LL_EPain,7.591836734693878,0.8102021472826353,10.672017531411056
MDD,1416,LL_Dep,7.020408163265306,0.14211885810680205,2.024367455591076
MDD,1416,LL_QoL,4.969387755102041,0.17315041031076073,3.484340905637485
MDD,1416,LL_Anx,4.010204081632653,0.17556377283962651,4.377926142056844
MDD,1417,LL_Pain,7.387755102040816,0.8327405142953948,11.27190198908131
MDD,1417,LL_PPain,2.0,0.0,0.0
MDD,1417,LL_EPain,8.448979591836734,0.4999473988741901,5.91725182242399
MDD,1417,LL_Dep,8.26530612244898,0.4437659922058222,5.369020646440811
MDD,1417,LL_QoL,3.5306122448979593,0.5411724887029358,15.328006905458874
MDD,1417,LL_Anx,7.908163265306122,0.7192025178831298,9.094431839038288
MDD,1419,LL_Pain,8.0,0.0,0.0
MDD,1419,LL_PPain,0.9387755102040817,1.0032557981429606,106.86855241088058
MDD,1419,LL_EPain,8.459183673469388,0.5008933739847539,5.921296821532676
MDD,1419,LL_Dep,8.928571428571429,0.25886349545339626,2.899271149078038
MDD,1419,LL_QoL,2.510204081632653,0.6922978019473315,27.57934332960914
MDD,1419,LL_Anx,6.1020408163265305,0.30425829769936313,4.986172771661804
MDD,1420,LL_Pain,7.663265306122449,0.6571396554958184,8.575191243487378
MDD,1420,LL_PPain,3.438775510204082,0.7873526899446898,22.896309677916793
MDD,1420,LL_EPain,8.714285714285714,0.4540766091864998,5.2107151873860635
MDD,1420,LL_Dep,7.877551020408164,0.32948901777449224,4.182632609054435
MDD,1420,LL_QoL,3.663265306122449,0.4750231150321569,12.967204811462778
MDD,1420,LL_Anx,6.030612244897959,0.4642715529731097,7.698580743039721
MDD,1421,LL_Pain,6.0,0.0,0.0
MDD,1421,LL_PPain,2.0,0.0,0.0
MDD,1421,LL_EPain,8.0,0.0,0.0
MDD,1421,LL_Dep,7.0,0.0,0.0
MDD,1421,LL_QoL,4.673469387755102,0.47135492797402095,10.085760467566388
MDD,1421,LL_Anx,8.0,0.0,0.0
MDD,1422,LL_Pain,7.010204081632653,0.9249675163890466,13.19458757003298
MDD,1422,LL_PPain,2.7142857142857144,0.9081532183729996,33.45827646637367
MDD,1422,LL_EPain,8.418367346938776,0.4958273183724703,5.889827539454798
MDD,1422,LL_Dep,8.295918367346939,0.4588012995215551,5.530446168894514
MDD,1422,LL_QoL,3.979591836734694,0.14211885810680203,3.5711918190939995
MDD,1422,LL_Anx,6.183673469387755,0.6477071180983437,10.474471546804898
MDD,1426,LL_Pain,8.0,0.0,0.0
MDD,1426,LL_PPain,2.0,0.0,0.0
MDD,1426,LL_EPain,9.0,0.0,0.0
MDD,1426,LL_Dep,8.0,0.0,0.0
MDD,1426,LL_QoL,3.704081632653061,0.45880129952155524,12.386371171656313
MDD,1426,LL_Anx,6.959183673469388,0.19888178879993873,2.8578321557762454
MDD,1427,LL_Pain,7.8979591836734695,0.3042582976993631,3.8523660432219096
MDD,1427,LL_PPain,2.0,0.0,0.0
MDD,1427,LL_EPain,8.755102040816327,0.4322376324704126,4.936979951293757
MDD,1427,LL_Dep,7.438775510204081,0.5931972869541268,7.9743942553504015
MDD,1427,LL_QoL,4.0,0.0,0.0
MDD,1427,LL_Anx,9.0,0.0,0.0
MDD,1428,LL_Pain,5.224489795918367,0.9794866343677756,18.747986360945706
MDD,1428,LL_PPain,2.0,0.0,0.0
MDD,1428,LL_EPain,7.224489795918367,0.9794866343677756,13.557865842943787
MDD,1428,LL_Dep,6.612244897959184,0.6029592498108506,9.118828160719653
MDD,1428,LL_QoL,5.969387755102041,0.8180197566824065,13.703578829893303
MDD,1428,LL_Anx,4.357142857142857,0.5420465229015777,12.44041200101982
MDD,1429,LL_Pain,4.979591836734694,1.0049320830180843,20.181013142576283
MDD,1429,LL_PPain,1.8571428571428572,0.35172622905632955,18.939104641494666
MDD,1429,LL_EPain,7.061224489795919,0.9612741386843532,13.61341988310211
MDD,1429,LL_Dep,6.683673469387755,0.4674329716656823,6.993653621868225
MDD,1429,LL_QoL,5.8979591836734695,0.8554229184741741,14.503710382434093
MDD,1429,LL_Anx,3.520408163265306,0.5021519020338162,14.26402504327942
