Dx,Study ID,Narrative_Fragmentation,Agency_Deficit,Physical_Pain,Emotional_Pain,Depression,poor_QoL,Anxiety,Rumination,Catastrophizing
CLBP,1202,2.5,4.8,7.2,4.8,2.5,4.2,3.1,4.5,2.5
CLBP,1203,4.5,3.8,7.2,4.8,2.5,4.2,3.1,6.5,4.5
CLBP,1204,2.5,4.8,5.2,3.8,4.1,6.5,2.9,6.5,4.5
CLBP,1205,4.5,2.8,7.2,2.5,1.8,4.2,2.1,4.5,4.5
CLBP,1206,2.5,4.8,8.2,4.1,2.5,6.8,3.1,6.5,4.5
CLBP,1207,2.5,4.8,7.2,2.8,2.1,4.5,1.8,4.5,2.5
CLBP,1208,2.5,4.8,7.2,4.8,2.5,4.2,5.1,4.5,2.5
CLBP,1210,2.5,4.8,7.2,4.8,2.5,4.2,3.1,4.5,2.5
CLBP,1211,4.5,7.2,8.2,6.8,6.5,7.8,4.2,7.5,4.5
CLBP,1212,4.8,5.2,7.2,4.1,2.8,4.5,2.1,4.5,2.5
CLBP,1213,2.5,4.8,7.2,4.8,2.5,4.2,3.1,4.5,4.5
CLBP,1214,8.5,8.2,9.2,7.8,6.5,8.8,4.2,8.5,8.5
CLBP,1215,2.5,4.8,7.2,4.1,2.5,4.8,3.1,2.5,2.5
CLBP,1216,2.5,2.8,7.2,2.1,1.5,3.8,1.8,2.5,2.5
CLBP,1217,2.5,4.8,7.2,4.1,2.5,4.8,1.8,2.5,2.5
CLBP,1218,6.5,7.8,8.2,6.5,4.8,6.8,3.2,7.5,4.5
CLBP,1219,2.5,4.8,8.2,6.8,5.5,6.2,4.1,6.5,4.5
CLBP,1221,4.5,7.2,8.2,4.1,2.8,6.5,3.4,7.5,7.5
CLBP,1222,4.5,7.2,7.2,4.8,2.5,6.8,3.1,6.5,4.5
CLBP,1223,2.5,4.8,7.2,2.1,1.5,3.8,2.5,2.5,2.5
CLBP,1224,4.5,7.2,4,2.5,2,3.5,1.5,6.5,2.5
CLBP,1225,4.5,5.8,7.2,4.8,2.5,4.2,6.8,6.5,4.5
CLBP,1226,4.8,7.2,8.2,4.1,2.8,6.5,3.4,8.5,8.5
CLBP,1227,2.5,4.8,7.2,2.1,1.5,4.8,2.5,2.5,2.5
CLBP,1228,2.5,4.8,7.2,4.1,2.5,4.8,3.1,6.5,4.5
CLBP,1229,2.5,4.8,7.2,4.8,2.5,4.2,3.1,6.5,4.5
CLBP,1230,2.5,4.8,8.2,4.1,2.8,6.5,3.1,6.5,4.5
CLBP,1231,2.5,4.8,4.8,2.5,2.2,3.5,6.8,4.5,2.5
CLBP,1232,2.5,4.8,7.2,4.1,2.5,4.8,3.1,6.5,4.5
CLBP,1233,2.5,4.8,7.2,4.8,2.1,4.2,3.5,6.5,4.5
CLBP,1234,2.5,4.8,7.2,4.8,4.2,5.5,2.8,4.5,2.5
CLBP,1235,2.5,4.8,8.2,4.1,2.5,6.8,3.1,6.5,4.5
CLBP,1236,2.5,4.8,7.2,2.5,1.8,4.2,2.1,4.5,4.5
CLBP,1237,2.5,4.8,8.2,6.5,4.8,6.2,3.5,6.5,4.5
CLBP,1239,2.5,4.8,7.2,4.8,2.5,4.2,3.1,6.5,4.5
CLBP,1240,4.8,7.2,7.2,4.1,2.5,4.8,3.9,6.5,4.5
CLBP,1241,2.5,4.8,7.2,4.1,2.8,4.5,3.1,2.5,4.5
CLBP,1242,4.5,7.1,7.2,2.5,1.8,4.2,2.1,4.5,4.5
CLBP,1243,4.5,3.8,7.2,4.1,2.8,4.5,1.9,4.5,4.5
CLBP,1244,2.5,4.8,8.2,4.8,2.5,6.1,3.9,6.5,4.5
CLBP,1245,4.8,7.2,7.8,4.2,2.5,4.8,3.1,6.5,4.5
CLBP,1246,2.5,4.8,7.2,4.1,2.5,4.8,3.1,2.5,2.5
CLBP,1247,2.5,4.8,8.2,4.5,2.8,6.1,3.1,4.5,4.5
CLBP,1248,2.5,4.2,7.2,4.1,2.5,4.8,3.1,2.5,2.5
CLBP,1249,2.5,2.8,3.5,1,1.5,2,1,2.5,2.5
CLBP,1250,2.5,4.8,8.2,4.8,2.5,6.8,4.2,6.5,4.5
CLBP,1251,2.5,4.8,7.2,2.5,1.8,4.2,2.1,2.5,2.5
CLBP,1252,2.5,4.2,7.2,2.5,1.8,3.2,2.1,4.5,4.5
CLBP,1253,2.5,4.2,7.2,2.1,1.8,3.5,2.5,2.5,2.5
CLBP,1254,2.5,4.8,7.8,2.1,1.5,4.2,0.8,2.5,2.5
CLBP,1256,6.5,4.2,5.2,2.8,1.5,3.2,1.8,2.5,2.5
CLBP,1258,4.5,3.8,5.2,2.1,1.8,3.5,2.5,2.5,2.5
CLBP,1259,2.5,4.8,8.2,4.1,2.8,6.5,3.9,6.5,4.5
CLBP,1260,2.5,4.8,5.2,2.8,1.5,3.2,6.8,4.5,2.5
CLBP,1262,4.8,7.2,7.2,4.1,2.8,4.5,3.1,6.5,4.5
CLBP,1263,4.5,3.8,5.2,2.1,1.8,3.5,2.5,2.5,2.5
CLBP,1264,4.5,3.8,5.2,3.8,2.1,3.5,2.8,2.5,2.5
CLBP,1266,2.5,4.8,7.2,4.1,2.5,4.8,3.1,6.5,2.5
CLBP,1267,2.5,4.8,7.2,2.5,1.8,4.2,2.1,4.5,2.5
CLBP,1268,2.5,4.8,5.2,2.8,2.1,3.5,1.8,2.5,2.5
CLBP,1269,6.5,4.8,9.2,4.8,2.5,6.8,3.1,7.5,4.5
CLBP,1270,2.5,4.8,7.2,2.1,1.5,3.8,2.5,2.5,2.5
CLBP,1271,2.5,2.8,7.2,2.1,1.8,4.2,2.5,2.5,2.5
CLBP,1272,4.5,7.2,7.2,5.8,4.1,6.8,3.5,6.5,4.5
MDD,1401,2.5,7.8,2.1,8.5,7.8,6.2,4.5,7.5,4.5
MDD,1402,4.8,7.2,2.1,9.2,8.5,6.8,8.1,8.5,8.5
MDD,1403,4.5,7.2,2.1,9.2,8.5,6.8,6.2,8.5,4.5
MDD,1404,2.5,4.8,2.1,9.2,8.5,6.8,4.9,6.5,4.5
MDD,1405,4.5,7.2,4.2,8.5,7.8,6.2,5.1,7.5,4.5
MDD,1406,4.5,7.8,2,9.5,9,8,9.5,8.5,8.5
MDD,1407,2.5,4.8,2.8,8.2,7.1,4.9,5.6,7.5,4.5
MDD,1408,4.8,3.5,2.1,8.5,7.2,4.8,6.1,6.5,4.5
MDD,1409,6.5,8.2,2.5,9.5,8.8,7.2,4.5,8.5,7.5
MDD,1410,4.8,7.2,2.1,8.3,7.2,4.9,6.8,6.5,4.5
MDD,1411,4.5,7.8,2.1,9.2,8.5,6.8,4.9,8.5,7.5
MDD,1412,4.5,7.2,2.1,8.5,7.8,4.2,5.1,7.5,7.5
MDD,1413,8.5,8.8,4.2,9.8,8.1,7.5,6.8,8.5,8.5
MDD,1414,2.5,4.8,0.5,9.5,8.2,6.8,4.1,6.5,4.5
MDD,1415,6.5,4.8,2.1,6.8,5.2,6.5,3.9,6.5,4.5
MDD,1416,2.5,4.8,2.1,8.5,7.8,6.2,4.5,6.5,4.5
MDD,1417,2.5,7.8,2.1,9.5,8.8,6.5,8.2,8.5,7.5
MDD,1419,4.5,7.2,0,9.5,9,8,6.5,8.5,7.5
MDD,1420,6.5,8.2,4.2,9.5,8.1,6.8,5.9,8.5,7.5
MDD,1421,4.5,7.2,2.1,8.3,7.2,4.9,8.1,8.5,7.5
MDD,1422,4.5,7.8,4.2,9.5,8.8,6.5,5.1,8.5,7.5
MDD,1426,4.8,7.2,2.1,9.2,8.5,6.8,6.1,8.5,7.5
MDD,1427,4.8,7.2,2,9.5,8,7.5,9,8.5,8.5
MDD,1428,4.5,7.2,2.1,8.5,7.2,4.8,3.5,6.5,4.5
MDD,1429,2.5,4.8,2.1,8.5,7.2,4.8,3.5,4.5,2.5
MDD,1431,6.5,8.2,2.1,9.3,8.8,8.2,6.5,8.5,7.8
MDD,1432,4.5,7.2,2,8.5,5.8,7.2,4.5,6.5,4.5
MDD,1435,6.5,7.8,2.1,8.5,7.8,6.2,4.5,7.5,4.8
MDD,1436,4.8,3.5,7.2,8.1,6.8,4.9,7.5,6.5,4.5
MDD,1437,4.8,7.2,2.1,8.3,7.2,6.8,5.9,7.5,4.8
MDD,1438,6.5,4.8,4.2,8.8,6.5,6.8,5.1,8.5,7.5
MDD,1439,4.5,8.2,4.2,8.8,8.5,6.8,5.1,8.5,7.5
MDD,1442,6.5,8.2,2.1,9.5,9.2,8.8,8.1,8.5,8.5
CLBP,13002,2.5,4.2,5.2,2.1,1.8,2.5,1.1,2.5,2.5
CLBP,13003,4.5,5.2,7.2,4.8,5.1,4.2,3.5,6.5,4.5
CLBP,13004,6.5,4.8,8.2,4.1,2.5,6.8,3.9,4.5,2.5