Study ID,Pain Interference,NRS Pain Score,VAS Pain Score,MADRS,VAS Depression Score,HADS (Depression),HADS (Anxiety),PCS,PDQ,MPQ Score,MPQ Sensory,MPQ Affective,RMDQ,CSI Score
1202,8,4,24,12,0,1,8,11,0,27,20,7,7,28
1203,11,5,50,13,37,4,7,9,8,12,11,1,8,37
1204,11,1,13,18,16,7,8,16,0,14,14,0,6,57
1205,10,6,43,3,2,1,2,3,0,5,5,0,6,32
1206,8,4,45,6,46,3,11,31,6,15,9,6,7,50
1207,11,7,60,8,4,7,8,11,5,11,9,2,12,38
1208,5,5,43,15,14,6,13,1,0,3,3,0,4,46
1210,11,6,64,10,31,3,5,10,0,15,11,4,12,39
1211,12,4,50,17,50,11,4,4,10,23,18,5,12,67
1212,10,5,44,12,22,4,4,5,4,6,6,0,5,31
1213,12,2,19,2,10,1,5,14,4,17,16,1,5,27
1214,20,7,52,3,50,18,12,52,29,38,30,8,20,42
1215,4,0,2,0,0,0,0,0,0,12,12,0,16,12
1216,4,1,5,0,0,1,2,0,1,3,3,0,6,9
1217,10,2,13,2,3,1,4,8,0,8,6,2,5,12
1218,13,6,62,10,32,4,5,14,4,13,12,1,15,24
1219,9,2,15,16,2,7,4,28,10,14,11,3,12,48
1221,13,7,10,15,8,5,8,40,14,27,18,9,11,45
1222,14,4,37,4,59,10,8,17,9,17,15,2,14,40
1223,7,2,19,0,1,2,2,,0,1,1,0,1,19
1224,8,2,22,3,0,2,4,4,3,3,3,,4,34
1225,10,4,35,14,17,6,10,32,8,17,12,5,13,28
1226,12,8,73,14,67,9,17,34,0,14,12,2,8,33
1227,5,4,31,3,16,2,2,1,5,10,7,3,0,30
1228,6,3,27,7,2,2,4,9,0,7,6,1,9,30
1229,6,2,12,0,0,1,0,2,0,,,,4,10
1230,9,2,14,8,0,1,2,17,3,10,9,1,7,22
1231,10,4,50,3,3,0,7,0,5,10,10,0,8,27
1232,12,4,63,17,12,8,9,3,6,11,9,2,8,37
1233,8,4,17,8,2,1,4,30,4,23,16,7,8,28
1234,6,2,23,1,4,1,5,5,6,15,12,3,1,32
1235,15,2,30,4,0,0,1,7,9,8,8,0,7,5
1236,14,0,1,8,0,0,7,10,0,12,11,1,11,37
1237,14,4,15,11,26,3,4,21,5,11,10,1,17,32
1239,10,6,62,16,57,11,8,8,5,10,6,4,6,22
1240,6,3,23,8,3,3,1,19,4,2,2,0,10,26
1241,13,5,50,12,5,6,3,25,7,16,14,2,8,20
1242,8,1,15,0,0,0,3,1,2,2,2,0,9,35
1243,20,3,28,8,12,5,1,9,4,2,2,0,15,16
1244,12,5,50,8,12,4,2,6,0,17,16,1,4,27
1245,13,5,10,8,5,6,7,21,3,10,10,0,6,30
1246,4,4,25,10,23,1,9,12,1,18,16,2,3,44
1247,16,8,70,14,12,3,11,19,7,19,16,3,11,47
1248,10,6,58,2,0,3,1,7,2,14,11,3,10,23
1249,5,3,33,0,0,0,2,1,0,2,2,0,2,5
1250,11,3,16,12,8,11,12,27,5,16,12,4,6,30
1251,9,2,16,14,17,7,4,13,7,9,7,2,3,35
1252,12,2,14,3,3,2,6,13,5,21,18,3,8,26
1253,5,5,50,3,0,0,4,0,3,24,19,5,4,16
1254,11,2,18,4,3,3,6,12,0,23,21,2,13,25
1256,7,3,31,0,0,0,4,0,0,5,5,0,4,21
1258,7,1,9,2,0,1,4,1,0,5,4,1,3,12
1259,10,3,41,0,18,6,12,37,10,13,11,2,11,37
1260,5,2,3,9,24,7,11,3,4,6,4,2,5,36
1262,11,2,11,3,50,6,8,5,6,14,12,2,6,29
1263,5,3,28,0,12,0,5,7,14,9,9,0,3,22
1264,6,5,39,4,3,0,1,3,1,3,3,0,1,26
1266,9,3,16,0,3,1,3,8,2,11,10,1,5,13
1267,4,0,2,3,2,4,9,16,0,5,5,0,0,44
1268,4,0,1,6,8,0,9,5,0,6,6,0,0,13
1269,9,7,79,12,57,3,5,7,2,16,14,2,10,31
1270,7,4,29,0,3,0,1,2,2,10,9,1,3,13
1271,6,2,24,4,4,1,4,1,0,4,4,0,0,17
1272,12,3,25,12,18,2,13,5,6,8,7,1,17,52
13002,4,2,22,2,0,0,2,0,0,2,2,0,2,7
13003,8,4,25,6,0,4,13,13,0,13,12,1,9,40
13004,7,6,50,2,3,,,2,3,,,,,13