Study ID,MADRS,VAS Depression Score,HADS (Depression),HADS (Anxiety),CSI Score
1401,30,71,7,10,31
1402,34,82,10,15,57
1403,28,29,7,13,57
1404,15,18,0,8,35
1405,7,70,7,11,42
1406,31,97,15,16,52
1407,12,58,5,7,35
1408,25,30,5,11,50
1409,29,84,8,13,62
1410,18,23,6,8,26
1411,33,72,12,14,58
1412,13,39,4,6,33
1413,40,78,10,14,40
1414,15,29,9,4,28
1415,14,62,4,12,37
1416,17,37,4,2,33
1417,35,76,15,10,51
1419,40,86,17,5,36
1420,31,73,8,6,39
1421,28,23,11,13,60
1422,28,59,14,9,43
1426,7,39,8,8,38
1427,19,81,4,17,58
1428,13,37,3,6,21
1429,6,44,3,1,23
1431,19,0,6,4,35
1432,23,56,7,3,21
1435,23,8,7,4,22
1436,2,5,0,1,14
1437,15,56,8,11,49
1438,33,82,13,12,46
1439,38,60,15,6,36
1442,37,75,14,13,69