Cohort,Confound,Metric,N,Spearman_r,p_uncorrected,p_FDR
CLBP,Age,Physical Pain,67,-0.227,0.06448559352477067,0.5363915975226574
CLBP,Age,QoL,67,-0.247,0.04364932649463602,0.5363915975226574
CLBP,Age,Emotional Pain,67,-0.414,0.0004940245698937924,0.04001599016139719
CLBP,Age,Catastrophizing,67,-0.337,0.005247364853760593,0.21251827657730402
CLBP,Age,Depression,67,-0.279,0.022286327115199484,0.5363915975226574
CLBP,Age,Anxiety,67,-0.253,0.03878574690646668,0.5363915975226574
CLBP,Age,Rumination,67,-0.175,0.15593688353502322,0.7429933862551107
CLBP,Age,Agency Deficit,67,-0.228,0.06388784723336983,0.5363915975226574
CLBP,Age,Narrative Fragmentation,67,-0.237,0.05313247307532788,0.5363915975226574
CLBP,Education (yrs),Physical Pain,67,-0.122,0.32350019663546986,0.8211292025115899
CLBP,Education (yrs),QoL,67,-0.089,0.47261990898616435,0.8461392475745082
CLBP,Education (yrs),Emotional Pain,67,-0.081,0.5147862761571734,0.8509732320149193
CLBP,Education (yrs),Catastrophizing,67,0.017,0.888791260196354,0.9472643694197984
CLBP,Education (yrs),Depression,67,-0.165,0.18137850985318982,0.7515214905011101
CLBP,Education (yrs),Anxiety,67,0.087,0.48276052088724736,0.8461392475745082
CLBP,Education (yrs),Rumination,67,-0.19,0.12389473657767337,0.6690315775194362
CLBP,Education (yrs),Agency Deficit,67,-0.069,0.5814477759222767,0.9016682258915037
CLBP,Education (yrs),Narrative Fragmentation,67,-0.209,0.08949939507805124,0.6590410001201955
CLBP,Word count,Physical Pain,67,-0.095,0.4460454927223451,0.8211292025115899
CLBP,Word count,QoL,67,-0.118,0.34182749373905824,0.8211292025115899
CLBP,Word count,Emotional Pain,67,-0.042,0.7369027937959223,0.9173230122932338
CLBP,Word count,Catastrophizing,67,-0.065,0.6016474842895633,0.9016682258915037
CLBP,Word count,Depression,67,-0.14,0.2587667925786195,0.7611140066146928
CLBP,Word count,Anxiety,67,0.001,0.9944996774548771,1.0
CLBP,Word count,Rumination,67,0.051,0.6829019370451794,0.9016682258915037
CLBP,Word count,Agency Deficit,67,0.039,0.7548262112418275,0.9173230122932338
CLBP,Word count,Narrative Fragmentation,67,-0.176,0.15463073232401678,0.7429933862551107
CLBP,TICS (cognition),Physical Pain,67,0.164,0.18556086185212592,0.7515214905011101
CLBP,TICS (cognition),QoL,67,0.108,0.38338308165616336,0.8211292025115899
CLBP,TICS (cognition),Emotional Pain,67,-0.012,0.9230471254928768,0.9694781566299403
CLBP,TICS (cognition),Catastrophizing,67,-0.07,0.5761315076780548,0.9016682258915037
CLBP,TICS (cognition),Depression,67,-0.03,0.812497502598092,0.9173230122932338
CLBP,TICS (cognition),Anxiety,67,0.035,0.7801142732505376,0.9173230122932338
CLBP,TICS (cognition),Rumination,67,-0.072,0.5627995346322595,0.9016682258915037
CLBP,TICS (cognition),Agency Deficit,67,-0.148,0.23239031066750007,0.7611140066146928
CLBP,TICS (cognition),Narrative Fragmentation,67,-0.061,0.6244984555444356,0.9016682258915037
MDD,Age,Physical Pain,33,-0.096,0.5957056895317373,0.7884340008508288
MDD,Age,QoL,33,0.005,0.9780147019581429,0.9890036311936276
MDD,Age,Emotional Pain,33,-0.261,0.14299822003266682,0.4632481673762991
MDD,Age,Catastrophizing,33,-0.269,0.1305322015917173,0.4632481673762991
MDD,Age,Depression,33,-0.113,0.5310658762864379,0.7241807403905971
MDD,Age,Anxiety,33,-0.196,0.2751207575123158,0.5502415150246316
MDD,Age,Rumination,33,-0.227,0.2035044621000678,0.5111219978862247
MDD,Age,Agency Deficit,33,-0.202,0.2598972944504011,0.5502415150246316
MDD,Age,Narrative Fragmentation,33,-0.246,0.16677490071386797,0.484185195620907
MDD,Education (yrs),Physical Pain,33,-0.252,0.15727913502146304,0.47183740506438915
MDD,Education (yrs),QoL,33,-0.542,0.0011198869494268675,0.10078982544841807
MDD,Education (yrs),Emotional Pain,33,-0.263,0.1385689571226601,0.4632481673762991
MDD,Education (yrs),Catastrophizing,33,-0.386,0.026516287238108692,0.2779116178808957
MDD,Education (yrs),Depression,33,-0.357,0.04133200356828499,0.30999002676213744
MDD,Education (yrs),Anxiety,33,-0.136,0.4498611359404935,0.6862288514346511
MDD,Education (yrs),Rumination,33,-0.257,0.14926885393236305,0.4632481673762991
MDD,Education (yrs),Agency Deficit,33,-0.405,0.019424770332298627,0.2779116178808957
MDD,Education (yrs),Narrative Fragmentation,33,-0.217,0.22478283975158175,0.5467690696660097
MDD,Word count,Physical Pain,33,-0.448,0.00886967471813477,0.2779116178808957
MDD,Word count,QoL,33,-0.037,0.8399490905686264,0.9384912406626831
MDD,Word count,Emotional Pain,33,-0.235,0.18762881846085186,0.49666451945519613
MDD,Word count,Catastrophizing,33,-0.151,0.4013845070510314,0.6337650111332075
MDD,Word count,Depression,33,-0.006,0.9724190650371428,0.9890036311936276
MDD,Word count,Anxiety,33,-0.186,0.2988627639804159,0.584731494744292
MDD,Word count,Rumination,33,-0.155,0.38911257886744194,0.63097868131335
MDD,Word count,Agency Deficit,33,-0.24,0.17800006172163915,0.49666451945519613
MDD,Word count,Narrative Fragmentation,33,-0.432,0.012062151703109947,0.2779116178808957
MDD,TICS (cognition),Physical Pain,33,0.048,0.7900715497410714,0.9172821311368431
MDD,TICS (cognition),QoL,33,-0.261,0.14191974322272324,0.4632481673762991
MDD,TICS (cognition),Emotional Pain,33,-0.098,0.5877475337669206,0.7884340008508288
MDD,TICS (cognition),Catastrophizing,33,-0.199,0.266062862358873,0.5502415150246316
MDD,TICS (cognition),Depression,33,-0.043,0.8123367274417792,0.9254469046805079
MDD,TICS (cognition),Anxiety,33,-0.154,0.39260895726164,0.63097868131335
MDD,TICS (cognition),Rumination,33,-0.114,0.5260359517823808,0.7241807403905971
MDD,TICS (cognition),Agency Deficit,33,0.011,0.9530906610867684,0.9859558562966569
MDD,TICS (cognition),Narrative Fragmentation,33,0.061,0.7354857062829775,0.882582847539573
HC,Age,Physical Pain,31,0.326,0.07367519066774912,0.3807966852437683
HC,Age,QoL,31,0.199,0.28248081210962916,0.5968813449615168
HC,Age,Emotional Pain,31,0.204,0.27134555807343486,0.5968813449615168
HC,Age,Catastrophizing,31,0.191,0.30212512522743445,0.5968813449615168
HC,Age,Depression,31,0.128,0.4909856463402486,0.7099472599019405
HC,Age,Anxiety,31,0.12,0.5217145491876805,0.72380248165016
HC,Age,Rumination,31,0.024,0.8993448618689953,0.9144128912069241
HC,Age,Agency Deficit,31,-0.13,0.4874750653810978,0.7099472599019405
HC,Age,Narrative Fragmentation,31,0.201,0.2787727561013017,0.5968813449615168
HC,Education (yrs),Physical Pain,31,-0.315,0.08407677426922625,0.3807966852437683
HC,Education (yrs),QoL,31,-0.15,0.4197143385960932,0.7082679463809073
HC,Education (yrs),Emotional Pain,31,-0.156,0.40099401555211794,0.7060981578200338
HC,Education (yrs),Catastrophizing,31,0.338,0.06284995656037577,0.3807966852437683
HC,Education (yrs),Depression,31,-0.183,0.3252407384439631,0.6176404483004712
HC,Education (yrs),Anxiety,31,0.408,0.022797086723379715,0.3693128049187514
HC,Education (yrs),Rumination,31,0.236,0.2015758228311243,0.5102388015412834
HC,Education (yrs),Agency Deficit,31,-0.077,0.681905642488368,0.8353910187835725
HC,Education (yrs),Narrative Fragmentation,31,0.061,0.7445989707494811,0.8474452906139067
HC,Word count,Physical Pain,31,-0.251,0.17366991062282844,0.49993300613975733
HC,Word count,QoL,31,-0.194,0.296937317245667,0.5968813449615168
HC,Word count,Emotional Pain,31,-0.143,0.4434905947604313,0.7099472599019405
HC,Word count,Catastrophizing,31,0.522,0.0026067891982888246,0.2111499250613948
HC,Word count,Depression,31,-0.13,0.4851137006259803,0.7099472599019405
HC,Word count,Anxiety,31,0.439,0.013495864957767705,0.3604070401837402
HC,Word count,Rumination,31,0.456,0.009972561676466953,0.3604070401837402
HC,Word count,Agency Deficit,31,0.153,0.4099056881904635,0.706433207306969
HC,Word count,Narrative Fragmentation,31,0.287,0.11693052172633904,0.3946405108263943
HC,TICS (cognition),Physical Pain,31,0.135,0.4685236296199305,0.7099472599019405
HC,TICS (cognition),QoL,31,-0.001,0.9977840857488821,0.9977840857488821
HC,TICS (cognition),Emotional Pain,31,0.076,0.6851214969733969,0.8353910187835725
HC,TICS (cognition),Catastrophizing,31,-0.08,0.6673421068917786,0.8353910187835725
HC,TICS (cognition),Depression,31,0.032,0.8663315827198115,0.9084079423518058
HC,TICS (cognition),Anxiety,31,-0.071,0.7046897644849259,0.8394098665188089
HC,TICS (cognition),Rumination,31,0.197,0.2891334794249308,0.5968813449615168
HC,TICS (cognition),Agency Deficit,31,-0.238,0.19682199986629126,0.5102388015412834
HC,TICS (cognition),Narrative Fragmentation,31,0.03,0.8747632037461833,0.9084079423518058
