Group,Metric,N,alpha,partial_r,p_uncorrected,p_FDR
CLBP,Physical Pain,67,27.369,-0.0,0.616,0.781
CLBP,QoL,67,27.369,-0.0,0.644,0.781
CLBP,Emotional Pain,67,27.369,0.0,0.671,0.781
CLBP,Catastrophizing,67,27.369,-0.0,0.695,0.781
CLBP,Depression,67,27.369,-0.025675022807719727,0.503,0.781
CLBP,Anxiety,67,27.369,0.0,0.523,0.781
CLBP,Rumination,67,27.369,0.0,0.692,0.781
CLBP,Agency Deficit,67,27.369,0.0,0.543,0.781
CLBP,Narrative Fragmentation,67,27.369,-0.07579157341932931,0.279,0.7533000000000001
MDD,Physical Pain,33,10.55,-0.20600130095371985,0.133,0.621
MDD,QoL,33,10.55,0.014096098645072145,0.53,0.781
MDD,Emotional Pain,33,10.55,-0.0024530618376286182,0.444,0.781
MDD,Catastrophizing,33,10.55,-0.0,0.76,0.781
MDD,Depression,33,10.55,0.0,0.545,0.781
MDD,Anxiety,33,10.55,-0.0,0.69,0.781
MDD,Rumination,33,10.55,-0.0,0.781,0.781
MDD,Agency Deficit,33,10.55,-0.0,0.738,0.781
MDD,Narrative Fragmentation,33,10.55,-0.18296510557477516,0.139,0.621
HC,Physical Pain,31,3.545,-0.1248763248233357,0.114,0.621
HC,QoL,31,3.545,-0.21839095992684912,0.161,0.621
HC,Emotional Pain,31,3.545,-0.08113146843537018,0.272,0.7533000000000001
HC,Catastrophizing,31,3.545,0.29071541150410213,0.029,0.621
HC,Depression,31,3.545,-0.06068962996180802,0.34,0.781
HC,Anxiety,31,3.545,0.12371588588403312,0.249,0.7533000000000001
HC,Rumination,31,3.545,0.22865873828212957,0.069,0.621
HC,Agency Deficit,31,3.545,-0.0,0.431,0.781
HC,Narrative Fragmentation,31,3.545,0.21994357384552302,0.13,0.621
