row_index,Physical_Pain,Emotional_Pain,Depression,poor_QoL,Anxiety,Catastrophizing,Rumination,Narrative_Fragmentation,Agency_Deficit
0,0.0,9.5,9.0,9.2,8.0,8.5,9.0,4.2,8.0
1,0.0,9.5,8.8,9.2,6.5,8.5,7.2,4.1,6.8
2,0.0,8.5,7.8,8.2,4.5,8.5,7.2,4.1,6.8
3,0.0,9.5,8.2,7.8,8.5,8.5,9.2,4.1,8.8
4,0.0,9.5,8.8,9.2,7.5,8.5,9.2,6.8,7.1
5,2.5,9.5,9.8,9.2,9.0,8.5,9.2,4.1,8.8
6,0.0,8.5,6.8,7.2,9.0,4.5,7.2,6.8,8.1
7,0.0,9.5,8.8,9.2,7.5,8.5,9.2,6.8,8.0
8,0.0,8.5,6.8,4.2,7.1,4.5,6.8,3.2,5.1
9,4.5,8.2,6.8,7.5,3.1,2.5,4.8,3.2,1.8
10,0.0,9.5,8.2,8.5,7.8,7.5,8.2,4.1,8.8
11,,,,,,8.5,7.2,6.8,5.5
12,0.0,9.5,9.0,9.8,6.5,9.5,8.2,7.8,8.5
13,2.5,9.5,8.8,8.2,4.1,8.5,7.2,4.1,8.8
14,0.0,8.5,7.8,6.5,8.2,8.5,9.2,4.8,7.1
15,0.0,9.5,9.0,8.5,7.5,8.5,9.2,6.8,8.0
16,0.0,8.5,7.8,6.2,8.0,7.5,8.2,6.8,4.5
17,0.0,9.5,9.8,9.2,8.5,8.5,9.2,4.1,8.8
18,8.5,9.8,9.2,9.5,8.0,8.5,9.2,6.8,8.0
19,0.0,9.5,8.8,9.2,7.5,8.5,9.2,4.1,8.8
20,0.0,8.5,7.8,8.2,6.5,8.5,9.2,4.1,7.8
21,2.5,9.5,8.8,8.2,6.5,8.5,9.2,4.1,8.8
22,0.0,6.5,2.8,4.2,5.1,4.5,6.8,2.5,5.8
23,0.0,8.5,9.0,8.0,6.5,8.5,6.2,7.1,8.8
24,0.0,9.5,8.8,9.2,6.5,7.5,8.2,6.8,8.5
25,0.0,9.5,8.8,8.2,6.5,7.5,8.2,4.1,6.8
26,2.5,8.8,8.5,7.2,6.0,7.5,8.2,4.5,6.8
27,0.0,6.5,4.8,3.2,7.1,4.5,6.8,3.2,5.1
28,,,,,,8.5,9.2,7.8,8.0
29,0.0,8.5,7.8,6.5,4.2,7.5,8.2,4.1,6.8
30,4.5,9.5,8.8,9.2,6.5,8.5,9.2,6.8,8.8
31,0.0,8.5,6.8,7.2,4.5,4.5,6.8,3.2,5.1
32,0.0,9.5,9.8,9.9,8.5,9.5,9.0,6.8,8.5
33,0.0,8.5,8.0,7.5,6.0,7.5,8.2,4.1,8.8
34,0.0,8.5,7.2,6.8,6.5,7.5,8.2,4.1,6.8
36,0.0,8.5,7.8,8.2,6.5,8.5,7.2,6.8,8.0
37,0.0,8.5,6.8,7.2,8.0,4.5,6.8,3.2,5.1
38,8.5,9.8,9.2,9.5,9.0,8.5,7.2,4.8,6.8
39,0.0,8.5,7.8,6.5,4.2,8.5,9.2,6.8,7.1
40,0.0,9.5,8.8,9.2,7.5,8.5,9.2,4.1,8.8
41,0.0,8.5,7.8,8.2,6.5,8.5,7.2,6.8,6.5
42,4.5,9.8,8.2,9.5,7.8,8.5,9.2,6.8,8.0
43,0.0,9.5,9.8,9.2,6.5,8.5,9.2,4.1,8.8
44,0.0,8.5,7.8,6.5,2.5,4.5,6.8,2.5,5.8
45,0.0,9.5,9.0,8.5,7.0,8.5,9.2,6.8,8.0
46,0.0,8.5,7.2,8.0,6.8,4.5,6.8,3.2,7.1
47,0.0,8.5,6.8,7.2,8.0,4.5,8.2,2.8,6.1
48,0.0,8.5,6.8,4.2,2.5,4.5,6.8,2.1,5.9
49,0.0,8.5,7.2,6.8,4.1,4.5,8.2,2.8,6.5
50,0.0,9.5,9.0,9.8,8.0,8.5,7.2,4.1,8.8
51,0.0,9.5,8.2,8.5,7.8,8.5,9.2,4.1,7.8
52,0.0,9.5,8.8,8.2,9.0,8.5,9.2,6.8,7.1
53,0.0,9.5,8.2,8.5,9.0,8.5,7.2,4.1,6.8
54,0.0,9.5,9.0,9.2,6.5,8.5,7.2,4.1,8.8
55,0.0,8.5,6.8,7.2,8.0,4.5,8.2,6.8,5.9
56,8.5,9.8,9.2,9.5,9.0,8.5,9.2,4.1,8.8
57,0.0,6.5,4.8,5.2,2.5,4.5,6.8,4.2,5.5
58,0.0,8.5,6.8,7.2,8.0,7.5,8.2,6.8,4.5
59,0.0,8.5,7.2,8.0,4.5,4.5,6.8,4.2,7.1
60,0.0,9.5,8.2,8.8,7.5,7.5,8.2,4.1,6.8
62,2.5,9.5,8.8,8.2,9.8,8.5,9.2,6.8,7.1
63,0.0,9.5,9.2,9.8,8.5,8.5,9.2,6.8,8.0
64,0.0,9.5,8.8,9.2,7.5,8.5,9.2,7.8,6.8
65,2.5,9.5,8.8,9.2,8.5,8.5,9.2,4.1,8.8
66,2.5,9.8,9.5,9.9,9.2,9.5,8.8,4.2,8.5
67,,,,,,8.5,9.2,4.1,8.8
68,0.0,7.5,4.2,6.1,8.0,4.5,6.8,2.5,5.8
70,0.0,9.5,8.8,9.2,6.5,8.5,9.2,4.1,7.8
71,0.0,9.5,8.8,9.2,6.5,8.5,9.2,6.8,8.0
72,4.5,9.8,9.5,8.2,7.8,8.5,9.2,6.8,8.0
73,0.0,9.5,8.2,8.5,9.0,8.5,9.2,4.1,7.8
74,0.0,8.5,7.8,6.5,4.2,7.5,8.2,4.1,6.8
75,0.0,9.8,9.5,9.2,8.5,8.5,9.2,4.1,8.8
76,0.0,9.5,8.8,9.2,7.5,8.5,9.2,6.8,8.0
78,0.0,9.5,9.8,9.2,8.5,9.5,8.8,6.5,9.0
80,0.0,9.5,8.8,9.2,7.5,8.5,9.2,6.8,8.0
81,0.0,9.5,8.8,8.2,6.5,8.5,7.2,4.1,6.8
82,0.0,9.5,8.8,9.0,2.5,7.5,6.2,4.1,8.1
83,0.0,9.5,8.8,9.2,7.5,8.5,9.2,6.8,8.0
84,0.0,9.5,9.8,9.2,8.5,8.5,9.2,7.8,8.8
85,0.0,9.5,8.8,8.2,7.5,8.5,7.2,4.8,6.8
86,2.5,8.8,8.2,9.0,7.5,8.5,8.2,7.8,7.5
87,0.0,9.5,8.2,9.0,8.5,8.5,9.2,7.8,8.0
88,0.0,8.5,7.2,8.0,8.8,7.5,8.2,4.1,6.8
89,0.0,9.5,8.8,9.2,8.5,8.5,9.2,6.8,8.0
90,0.0,9.5,8.8,9.2,8.5,8.5,9.2,6.8,8.0
91,0.0,9.5,8.8,9.0,7.5,8.5,7.2,4.1,8.0
92,2.5,9.5,8.2,8.8,4.1,7.5,8.2,4.1,6.8
93,0.0,9.5,8.8,8.2,6.5,8.5,9.2,4.1,7.8
94,0.0,8.5,8.0,7.5,4.5,2.5,4.2,3.1,1.8
95,,,,,,8.5,9.2,6.8,8.0
96,0.0,9.5,8.8,9.2,6.5,8.5,9.2,6.8,8.0
97,0.0,9.5,8.8,9.2,9.8,8.5,7.2,8.8,9.0
98,0.0,9.5,8.2,8.8,9.8,8.5,9.2,4.1,8.8
99,2.5,8.5,6.8,7.2,4.1,4.5,6.8,7.2,3.5
100,0.0,8.5,7.8,6.5,8.0,8.5,7.2,4.1,6.8
101,0.0,9.5,9.0,9.2,2.5,8.5,7.2,6.8,8.0
102,0.0,9.5,8.2,7.8,6.5,7.5,8.2,4.1,6.8
103,0.0,9.5,9.8,9.2,6.5,8.5,9.2,4.1,8.8
104,0.0,9.5,8.8,9.2,7.5,8.5,9.2,4.1,8.8
105,4.5,9.8,9.5,9.2,8.8,8.5,9.2,4.1,8.8
106,0.0,8.5,7.8,8.2,6.5,8.5,7.2,6.8,6.5
108,0.0,9.8,9.5,9.2,8.5,9.5,9.8,7.2,8.5
109,0.0,9.5,8.8,9.2,7.5,8.5,7.2,4.8,6.8
110,0.0,9.5,8.8,8.2,9.0,8.5,9.2,4.1,7.8
111,0.0,9.5,8.2,8.5,9.8,8.5,8.2,4.1,6.8
112,0.0,8.5,7.8,8.2,6.5,7.5,8.2,6.8,8.5
113,0.0,9.5,8.8,8.2,7.5,7.5,8.2,4.1,6.8
115,4.5,9.8,9.5,9.2,8.0,8.5,9.2,6.8,8.8
116,0.0,9.5,8.2,7.8,8.5,8.5,9.2,4.1,7.8
117,0.0,8.5,7.8,6.2,4.1,4.5,7.2,3.8,6.8
118,0.0,8.5,7.8,8.2,4.1,7.5,8.2,4.1,6.8
119,0.0,9.5,8.2,8.8,7.5,8.5,9.2,4.1,6.8
120,0.0,9.5,8.8,9.2,7.5,8.5,9.2,6.8,8.0
121,4.5,9.5,8.2,8.8,7.1,8.5,7.2,4.1,6.8
122,0.0,8.5,6.8,7.2,8.0,8.5,9.2,4.1,6.8
123,0.0,9.5,8.8,9.2,6.5,7.5,8.2,6.8,6.5
124,0.0,9.5,8.8,9.2,6.5,8.5,9.2,4.1,8.8
125,0.0,8.5,6.8,4.2,7.1,4.5,8.2,2.1,6.8
126,0.0,9.5,8.8,9.2,7.5,8.5,7.2,4.8,6.8
127,0.0,9.5,8.8,8.2,6.5,8.5,9.2,4.1,8.8
129,0.0,9.5,8.8,8.2,4.5,7.5,8.2,4.1,6.8
130,0.0,9.5,9.8,9.2,8.5,9.5,9.0,7.8,8.5
131,0.0,9.5,9.8,9.2,8.5,8.5,9.2,7.8,8.8
132,0.0,9.5,8.8,8.2,6.5,7.5,8.2,4.1,6.8
133,7.5,9.5,8.2,8.8,9.0,7.5,8.2,6.8,6.5
134,0.0,9.5,8.8,7.2,4.5,7.5,8.2,4.1,6.8
135,0.0,9.5,8.8,8.2,9.0,8.5,7.2,4.1,6.8
136,0.0,9.5,8.2,7.8,9.8,8.5,8.2,4.1,7.8
137,0.5,8.2,6.8,7.5,8.5,4.5,7.2,6.8,5.9
138,4.5,9.5,8.8,8.2,2.5,7.5,8.2,4.1,8.8
140,4.5,9.8,9.5,9.2,8.1,8.5,9.2,6.8,8.0
141,0.0,8.5,9.0,8.0,6.5,8.5,6.2,4.8,7.8
142,2.5,8.5,7.2,6.8,6.0,4.5,7.2,6.8,5.9
143,0.0,8.5,6.8,7.2,4.5,4.5,6.8,2.5,5.8
144,0.0,9.5,8.2,7.5,8.8,4.5,7.2,2.8,6.5
145,0.0,9.5,8.2,8.5,6.8,4.5,8.2,2.8,6.8
146,0.0,9.5,8.2,8.5,8.0,8.5,7.2,4.1,6.8
147,0.0,9.5,8.8,9.2,8.5,8.5,9.2,4.1,8.8
148,9.5,8.0,2.0,1.0,0.5,0.5,1.2,0.8,1.5
149,0.0,9.5,8.8,9.2,9.0,8.5,9.2,4.1,7.8
150,0.0,9.5,8.2,8.5,7.8,8.5,7.2,4.1,8.8
151,0.0,9.5,8.8,9.2,9.0,8.5,9.2,4.1,7.8
152,,,,,,8.5,9.2,6.8,8.0
153,0.0,8.5,7.8,6.5,8.0,7.5,8.2,4.5,6.8
154,0.0,9.5,8.8,8.2,7.5,7.5,8.2,4.1,6.8
156,0.0,8.5,4.2,6.1,3.8,2.5,4.2,3.8,1.8
157,0.0,9.5,8.2,8.5,7.8,8.5,9.2,4.1,7.8
158,0.0,9.5,8.8,9.2,8.5,8.5,9.2,6.8,8.0
159,0.0,8.5,6.8,7.2,4.5,7.5,8.2,4.1,6.8
160,0.0,9.5,8.2,8.5,9.0,8.5,9.2,4.8,7.1
162,0.0,8.5,7.8,6.2,8.0,7.5,8.2,4.1,6.8
163,0.0,9.5,8.8,8.2,9.0,8.5,9.2,4.1,7.8
164,0.0,9.5,8.2,8.8,9.0,8.5,8.2,6.8,7.5
165,0.0,8.5,6.8,7.2,4.1,4.5,6.8,2.5,5.8
167,0.0,8.5,6.8,7.2,4.5,4.5,7.2,6.8,5.9
168,2.5,8.8,7.2,6.5,6.0,8.5,9.2,8.8,7.5
169,0.0,8.5,6.8,7.2,9.0,7.5,8.2,4.1,6.8
170,0.0,9.5,8.8,9.2,8.5,8.5,7.2,4.8,8.0
171,0.0,9.5,9.8,9.9,8.5,9.5,9.0,7.8,8.5
172,0.0,9.5,8.2,8.5,6.8,8.5,9.2,7.8,8.0
173,0.0,9.5,9.0,9.8,8.5,9.5,8.8,7.2,9.0
174,0.0,8.5,7.8,8.2,6.5,7.5,8.2,4.1,6.8
175,8.5,9.5,8.0,7.5,9.0,7.5,8.2,2.5,6.8
176,0.0,9.5,8.2,7.8,6.5,7.5,8.8,6.5,8.2
177,0.0,9.5,8.8,9.2,6.5,7.5,8.2,4.1,8.8
178,0.0,8.5,7.2,8.8,6.5,7.5,6.8,4.2,6.5
179,0.0,8.5,7.8,8.2,6.5,7.5,8.2,4.1,6.8
180,6.5,9.5,8.2,8.5,7.8,7.5,8.2,4.1,6.8
181,0.0,9.8,9.5,8.2,7.5,9.5,9.0,8.5,8.0
182,8.5,9.8,9.5,9.8,7.2,8.5,9.2,6.8,8.0
183,0.0,8.5,7.2,8.0,6.8,7.5,8.2,4.1,6.8
184,0.0,9.5,8.8,9.2,8.5,8.5,7.2,6.8,8.0
185,0.0,9.5,8.8,9.2,8.5,9.5,8.2,4.1,8.8
186,0.0,8.5,7.8,8.2,6.5,4.5,7.2,2.8,8.1
187,0.0,9.5,8.2,7.8,6.5,8.5,7.2,4.1,6.8
188,2.5,8.5,7.8,4.2,3.1,2.5,2.1,1.8,1.2
189,0.0,8.5,7.8,6.5,4.2,7.5,8.2,4.1,6.8
190,0.0,9.5,8.2,8.5,6.8,8.5,8.2,4.1,7.8
191,0.0,8.5,8.0,7.5,6.5,7.5,8.2,4.5,6.8
192,,,,,,9.5,9.0,7.8,8.5
193,4.5,9.5,8.2,9.0,8.8,8.5,7.2,4.1,6.8
194,0.0,8.5,7.8,8.2,6.5,7.5,8.2,4.1,6.8
195,0.0,9.5,9.8,9.2,8.5,8.5,9.2,4.1,8.8
196,7.5,9.5,8.8,9.2,8.0,8.5,9.2,4.1,7.8
197,,,,,,9.5,9.0,6.5,8.5
198,0.0,9.5,9.8,9.2,8.5,8.5,9.2,2.1,8.8
199,0.0,7.5,6.8,6.2,4.5,4.5,6.8,3.2,5.8
200,0.0,8.5,6.8,7.2,8.0,4.5,7.2,2.8,6.5
202,0.0,8.5,7.8,6.5,6.2,7.5,8.2,4.1,8.8
203,0.0,9.5,8.8,9.2,8.5,8.5,9.2,6.8,8.0
204,0.0,9.5,8.2,7.8,9.0,8.5,9.2,4.1,8.8
205,0.0,9.8,9.5,9.9,8.2,8.5,9.2,6.8,8.8
206,0.0,9.5,8.8,9.2,2.5,8.5,9.2,4.1,7.8
207,0.0,9.8,9.5,9.2,8.5,9.5,9.0,7.8,8.5
208,0.0,9.5,8.8,8.5,2.0,8.5,9.2,4.1,8.8
210,0.0,8.5,6.8,4.2,9.0,7.5,6.2,4.1,5.8
211,4.5,9.8,9.5,9.2,7.8,8.5,9.2,6.8,8.0
212,0.0,8.5,7.8,6.2,4.1,4.5,7.2,2.8,6.5
213,0.0,8.5,6.8,7.2,4.5,4.5,7.2,2.8,5.8
215,0.0,9.5,8.2,7.8,8.5,7.5,8.2,4.1,6.8
216,2.5,9.5,8.8,9.2,8.5,8.5,9.2,4.1,8.8
217,0.0,8.5,7.2,6.8,4.1,4.5,6.8,2.5,1.8
218,0.0,9.5,8.8,9.2,7.5,8.5,9.2,6.8,8.0
219,0.0,9.5,8.8,9.2,8.5,8.5,9.2,7.8,8.8
221,8.5,9.8,9.5,9.2,8.8,9.5,9.8,8.2,9.0
222,8.5,9.8,6.2,7.1,8.0,7.5,8.2,4.1,6.8
223,0.0,9.5,8.8,9.2,7.5,8.5,7.2,6.8,8.0
224,0.0,8.5,6.8,7.2,4.5,2.5,2.1,1.8,1.2
225,8.5,9.8,9.2,9.5,8.8,8.5,9.2,7.8,8.8
226,0.0,8.5,7.8,8.2,6.5,4.5,8.2,6.8,7.5
227,0.0,9.5,9.8,9.2,9.9,8.5,9.2,4.1,8.8
228,0.0,9.5,8.8,9.2,7.5,8.5,9.2,7.8,8.8
229,2.5,9.8,9.5,9.2,8.0,8.5,9.2,4.1,8.8
230,0.0,9.5,8.8,8.2,7.5,7.5,8.2,4.1,6.8
231,2.5,9.5,8.8,8.2,7.5,8.5,9.2,6.8,8.0
232,4.5,8.2,7.8,6.5,6.1,4.5,7.2,6.8,8.1
233,0.0,9.5,8.2,7.8,6.5,8.5,9.2,4.1,7.8
234,0.0,9.5,8.8,9.2,7.5,8.5,7.2,6.8,8.0
235,0.0,9.5,8.8,9.2,8.5,9.5,8.2,7.8,8.5
236,0.0,9.5,8.2,7.8,9.0,8.5,9.2,4.1,7.8
237,0.0,9.5,8.2,9.0,8.8,8.5,7.2,4.1,6.8
238,0.0,9.5,8.8,7.2,6.5,4.5,7.2,2.8,1.5
239,0.0,9.5,8.2,7.5,6.8,8.5,9.2,4.1,7.8
240,0.0,8.5,8.0,7.5,6.5,7.5,8.2,4.1,6.8
241,0.0,8.5,7.2,6.8,4.1,4.5,6.8,7.2,5.1
242,0.0,8.5,6.8,4.2,3.5,4.5,7.2,3.8,6.1
243,0.0,9.5,7.8,6.5,4.2,4.5,8.2,2.8,6.5
244,0.0,9.5,9.0,9.2,8.5,8.5,9.2,4.1,8.8
245,0.0,9.5,8.8,9.2,6.5,8.5,9.2,6.8,8.0
246,0.0,9.5,8.2,9.0,9.8,8.5,9.2,7.8,8.0
247,0.0,9.5,7.8,8.2,9.0,8.5,7.2,4.1,6.8
248,2.5,8.0,6.5,7.2,4.8,4.5,2.8,1.5,1.8
249,0.0,9.5,8.8,9.2,8.5,8.5,9.2,6.8,8.0
250,0.0,8.5,4.2,6.1,7.8,7.5,8.2,4.1,4.8
251,0.0,8.5,8.0,7.5,6.0,8.5,7.2,4.1,6.8
252,0.0,8.5,6.8,4.2,9.0,8.5,7.2,4.1,6.8
253,0.0,9.5,9.0,8.5,6.0,8.5,7.2,4.8,8.0
254,0.0,9.5,8.2,7.8,8.5,8.5,7.2,4.1,6.8
255,0.0,9.5,8.8,9.2,7.5,8.5,9.2,4.1,7.8
256,0.0,9.5,8.8,9.2,6.5,8.5,7.2,4.1,8.8
257,8.5,9.5,4.2,7.1,9.8,7.5,4.2,2.8,4.5
258,0.0,9.5,8.8,9.2,6.5,8.5,9.2,4.1,8.8
259,0.0,9.5,8.2,7.8,6.5,7.5,8.2,4.1,6.8
260,2.5,8.8,7.2,8.5,9.0,8.5,7.2,6.8,5.9
261,0.0,9.5,8.8,8.2,7.5,8.5,9.2,4.8,7.1
262,0.0,9.5,9.0,8.5,8.0,8.5,7.2,6.8,8.0
263,0.0,9.5,6.8,7.2,8.1,4.5,7.2,2.1,6.8
264,0.0,9.5,8.2,8.5,6.8,8.5,9.2,4.1,6.8
265,0.0,9.5,8.8,8.2,8.5,7.5,8.2,4.1,6.8
266,0.0,9.5,8.8,9.2,7.5,8.5,9.2,7.8,8.0
267,0.0,9.5,9.0,8.5,2.0,7.5,8.2,4.1,6.8
268,0.0,8.5,7.8,8.2,6.5,7.5,8.2,4.1,6.8
269,0.0,9.8,9.5,9.8,8.5,9.5,8.2,4.1,8.8
270,0.0,9.5,8.8,8.5,7.2,7.5,8.2,4.1,6.8
271,0.0,9.5,9.8,9.2,6.5,9.5,8.8,6.5,9.0
272,0.0,9.5,8.8,9.2,7.5,8.5,7.2,4.8,6.8
273,0.0,9.5,9.8,9.2,6.5,8.5,7.2,6.8,8.0
274,0.0,9.5,8.2,7.8,9.0,7.5,8.2,2.5,6.8
275,0.0,9.5,8.8,8.5,9.0,8.5,7.2,4.1,6.8
276,0.0,8.5,7.2,6.8,8.0,7.5,8.2,4.1,6.8
277,4.5,9.5,8.8,9.2,8.5,8.5,8.2,4.1,7.8
278,0.0,9.8,9.5,9.2,8.5,9.5,9.8,2.5,8.5
279,0.0,9.5,8.8,7.2,6.5,7.5,8.2,4.1,6.8
280,8.5,9.8,9.2,9.5,8.0,8.5,9.2,4.1,8.8
281,0.0,8.5,6.8,4.2,7.9,7.5,8.2,4.1,6.8
282,0.0,8.5,7.8,8.2,6.5,4.5,7.2,2.8,6.1
283,0.0,8.5,7.8,6.2,4.5,7.5,8.2,4.1,6.8
284,0.0,9.5,8.8,9.2,7.5,7.5,8.2,4.1,6.8
285,0.0,9.5,8.8,9.2,7.5,8.5,7.2,4.8,6.8
286,0.0,9.5,8.2,8.5,9.8,7.5,8.2,2.5,8.8
287,8.5,9.8,9.5,9.2,9.0,8.5,7.2,4.1,6.8
288,0.0,9.5,8.2,7.5,9.0,7.5,8.2,4.1,6.8
289,0.0,9.5,8.2,9.0,8.8,8.5,7.2,4.1,6.8
290,0.0,9.5,8.8,8.2,7.5,8.5,9.2,4.1,7.8
291,0.0,9.5,8.8,8.2,9.0,8.5,9.2,7.1,8.8
292,0.0,9.5,8.2,8.5,7.8,8.5,7.2,4.1,8.8
293,0.0,9.5,9.8,9.9,0.5,8.5,9.2,4.1,9.0
294,2.5,8.5,6.8,9.0,4.2,7.5,4.2,4.8,6.0
295,0.0,8.5,7.8,6.5,8.2,7.5,8.2,4.1,6.8
296,0.0,8.5,7.8,6.5,9.2,8.5,9.2,4.1,7.8
297,0.0,9.5,9.0,9.8,6.5,8.5,7.2,4.1,8.8
298,2.5,9.5,8.2,7.8,9.0,8.5,9.2,4.1,7.8
299,0.0,9.5,8.2,7.5,8.8,4.5,8.2,2.1,6.8
300,2.5,9.5,8.8,8.2,7.5,8.5,9.2,4.1,7.8
301,0.0,8.5,6.8,7.2,9.0,7.5,8.2,6.8,8.5
302,0.0,9.5,8.8,9.2,8.5,8.5,9.2,4.1,7.8
303,8.5,9.8,9.2,9.5,8.8,8.5,9.2,6.8,8.0
304,0.0,9.5,8.8,8.2,6.5,4.5,7.2,3.5,1.8
305,0.0,9.5,8.8,8.2,7.5,8.5,7.2,4.8,8.0
306,0.0,9.5,8.8,9.2,8.5,8.5,9.2,6.8,8.0
307,,,,,,8.5,9.2,6.8,8.0
308,0.0,9.5,8.2,9.0,9.8,8.5,9.2,6.8,8.0
309,0.5,9.5,8.8,9.2,8.5,8.5,9.2,7.8,8.0
310,4.5,8.8,7.2,8.5,9.0,7.5,8.2,6.8,6.5
311,,,,,,4.5,7.2,6.8,8.1
312,0.0,9.5,8.8,9.2,7.5,8.5,9.2,4.1,7.8
313,2.5,9.5,8.8,8.2,6.5,8.5,9.2,6.8,8.0
314,0.0,6.5,4.2,3.8,2.5,4.5,2.8,3.2,5.8
315,0.0,9.5,8.2,8.8,9.0,8.5,9.2,4.1,7.8
316,0.0,9.5,9.0,8.5,6.0,8.5,9.2,4.1,6.8
317,0.0,8.5,7.8,6.9,4.2,7.5,8.2,6.8,8.5
318,0.0,9.5,8.8,7.2,8.5,8.5,9.2,4.1,7.8
319,0.0,9.5,8.2,7.8,6.5,7.5,8.2,4.1,6.8
320,0.0,9.5,8.8,9.2,7.5,8.5,9.2,4.1,8.8
321,2.5,6.8,7.2,6.5,4.1,2.5,1.8,1.2,1.5
322,0.0,8.5,6.8,7.2,4.5,7.5,6.2,8.1,8.5
323,0.0,9.5,9.8,9.9,8.5,8.5,9.2,6.8,8.0
324,0.0,8.5,8.0,8.2,4.5,7.5,8.2,4.1,6.8
325,0.0,9.5,8.8,9.2,7.5,8.5,9.2,6.8,8.0
326,0.0,8.5,7.8,8.2,6.5,7.5,8.2,4.1,6.8
327,0.0,8.5,7.8,6.5,8.0,7.5,6.2,4.1,5.8
328,0.0,9.5,8.8,9.2,6.5,7.5,8.2,4.1,6.8
329,7.5,9.5,9.0,8.5,6.5,8.5,7.2,4.8,6.8
330,8.5,9.8,9.5,9.2,8.0,8.5,9.2,6.8,8.0
331,0.0,0.0,0.0,0.0,0.0,0.5,0.8,1.2,1.0
332,0.0,9.5,8.8,8.2,6.5,7.5,8.2,4.1,6.8
333,0.0,8.5,7.2,6.8,8.0,7.5,4.2,4.8,6.8
334,2.5,9.8,9.5,9.2,8.5,8.5,9.2,4.1,8.8
335,0.0,8.5,6.8,7.2,4.5,4.5,6.8,7.2,5.8
336,8.5,9.5,8.0,9.0,9.0,8.5,7.2,4.8,6.8
337,0.0,9.5,8.8,9.2,6.5,8.5,7.2,6.8,8.0
338,8.5,9.8,9.2,9.5,8.8,8.5,9.2,7.8,8.0
339,0.0,9.5,8.8,7.2,6.5,8.5,9.2,4.1,7.8
341,0.0,9.5,8.8,9.2,7.5,8.5,9.2,4.1,8.8
342,0.0,8.5,8.0,7.5,6.0,4.5,6.8,7.2,8.1
343,0.0,8.5,7.8,6.5,9.0,8.5,7.2,4.8,6.8
344,0.0,9.5,8.2,9.0,7.8,7.5,8.2,4.1,6.8
345,0.0,9.5,8.8,9.2,7.5,8.5,9.2,7.8,8.0
346,0.0,9.5,8.8,8.2,6.5,8.5,9.2,7.8,8.0
347,0.0,9.5,8.2,7.8,4.1,4.5,8.2,2.1,6.8
348,0.0,8.5,7.8,6.5,2.5,4.5,7.2,6.8,8.1
350,0.0,9.5,8.8,9.2,7.5,7.5,8.2,4.1,6.8
351,0.0,8.5,6.8,4.2,7.9,8.5,7.2,4.1,6.8
352,0.0,9.5,8.2,8.5,9.8,8.5,7.2,4.1,6.8
353,0.0,8.5,7.2,8.8,9.5,8.5,7.2,4.1,6.8
354,0.0,9.5,8.8,9.2,6.5,8.5,9.2,6.8,7.1
355,0.0,9.5,9.8,9.2,8.5,8.5,9.2,4.1,8.8
356,0.0,9.5,8.2,8.5,7.8,8.5,9.0,6.8,7.2
357,0.0,8.5,7.8,6.5,2.5,4.5,7.2,6.8,5.9
358,4.5,9.5,8.8,8.2,7.0,8.5,8.0,6.5,7.8
359,0.0,9.5,8.8,8.2,6.5,8.5,9.2,4.1,8.8
360,0.0,8.5,7.8,8.2,9.0,8.5,7.2,4.1,8.8
361,0.0,8.5,7.8,8.2,6.5,7.5,8.2,4.1,6.8
362,0.0,8.5,6.8,7.2,9.0,4.5,8.2,2.8,6.5
363,8.5,9.8,9.2,9.5,7.8,8.5,7.2,4.1,6.8
364,0.0,9.5,8.8,9.2,8.5,8.5,9.2,7.8,8.0
365,0.0,8.5,7.2,8.8,6.5,8.5,9.2,6.8,7.1
366,0.0,9.5,8.8,9.2,6.5,8.5,9.2,7.8,6.8
367,0.0,9.5,8.2,8.8,7.5,8.5,9.2,7.8,8.0
368,0.0,9.5,9.0,9.2,6.5,8.5,9.2,7.8,8.0
369,0.0,9.5,8.8,9.2,8.5,8.5,9.2,4.1,8.8
371,0.0,9.5,8.8,8.2,7.5,8.5,8.2,6.8,7.5
372,0.0,6.5,4.8,3.2,2.5,4.5,2.8,2.5,1.8
373,0.0,9.5,9.8,9.2,8.5,9.5,8.8,4.2,8.5
374,0.0,9.5,9.8,9.2,8.5,8.5,9.2,6.8,8.0
375,2.5,9.5,8.8,9.2,6.5,8.5,7.2,6.8,8.0
376,0.0,9.5,8.8,8.2,6.5,8.5,7.2,4.1,6.8
377,8.5,9.5,8.0,9.0,7.5,8.5,7.2,6.8,8.0
378,0.0,8.5,7.8,6.5,4.2,7.5,8.2,4.1,6.8
379,0.0,9.5,9.0,9.2,8.5,8.5,9.2,4.1,8.8
380,0.0,9.5,8.2,7.8,6.5,8.5,7.2,4.1,6.8
381,0.0,9.5,9.0,9.8,8.5,8.5,9.2,6.8,8.0
382,2.5,8.5,7.8,8.2,4.1,4.5,6.8,3.2,7.1
383,0.0,8.5,6.8,7.2,4.1,4.5,7.2,2.1,6.8
384,0.0,8.5,7.8,8.2,6.5,8.5,7.2,4.1,6.8
385,0.0,9.5,9.8,9.2,6.5,8.5,9.2,4.1,8.8
386,0.0,9.5,8.8,9.2,7.5,8.5,9.2,4.1,8.8
387,2.5,9.8,9.5,9.2,8.8,8.5,9.2,6.8,8.0
388,0.0,9.5,9.0,8.5,2.0,8.5,7.2,4.1,8.8
389,0.0,8.5,8.0,7.2,6.8,7.5,8.2,4.1,6.8
390,0.0,9.5,8.8,8.2,9.0,8.5,9.2,4.1,7.8
391,8.5,9.5,9.0,9.2,8.8,8.5,9.2,4.1,8.8
392,0.0,9.5,9.8,9.2,6.5,8.5,9.2,4.8,7.1
393,0.0,8.5,7.8,6.2,6.5,4.5,2.8,2.5,6.8
394,0.0,9.5,8.2,8.5,6.8,8.5,9.2,6.8,7.1
395,7.5,9.5,8.2,9.0,6.8,8.5,9.2,6.8,7.1
396,0.0,9.5,8.2,7.5,8.8,4.5,8.2,2.8,6.1
397,0.0,9.5,8.8,9.2,8.5,8.5,9.2,4.1,7.8
398,0.0,9.5,8.8,9.2,8.5,9.5,9.0,6.8,8.5
399,0.0,9.5,8.8,9.2,7.5,8.5,9.2,4.1,8.8
400,8.5,9.8,9.5,9.9,8.2,9.5,9.8,7.2,8.5
402,0.0,9.5,9.0,9.2,8.5,8.5,9.2,7.8,8.8
403,0.0,8.5,7.8,6.5,4.2,7.5,6.2,4.1,8.1
404,0.0,9.5,8.8,9.2,9.0,8.5,9.2,4.1,7.8
405,0.0,9.5,8.8,9.2,7.5,8.5,9.2,4.1,7.8
407,0.0,9.5,8.8,9.2,8.5,8.5,9.2,4.1,8.8
408,0.0,8.5,7.8,6.5,4.2,4.5,7.2,2.8,6.1
409,8.5,9.8,8.2,9.5,9.0,8.5,9.2,2.1,8.8
410,0.0,9.5,8.8,8.2,7.5,8.5,9.2,4.1,7.8
411,0.0,9.5,8.2,7.5,6.8,8.5,9.2,4.1,6.8
412,0.0,8.5,7.8,8.2,4.1,8.5,7.2,6.8,8.0
413,0.0,9.5,9.0,9.2,8.5,8.5,9.2,6.8,8.0
414,0.0,9.5,8.2,8.5,9.0,8.5,8.2,4.1,7.8
415,0.0,8.5,6.8,7.2,8.0,4.5,6.8,2.5,5.8
416,0.0,9.5,9.0,8.5,6.0,8.5,7.2,4.8,8.0
417,0.0,9.5,9.2,9.8,8.5,8.5,9.2,4.1,8.8
418,0.0,9.5,8.8,9.2,9.0,8.5,9.2,7.8,8.0
419,8.5,9.8,9.5,9.2,7.8,8.5,9.2,4.1,8.8
420,0.0,9.5,9.8,9.2,2.5,8.5,7.2,4.1,8.8
422,0.0,9.5,7.8,6.5,8.2,7.5,8.2,4.1,6.8
423,0.0,8.5,6.8,4.2,7.1,4.5,7.2,2.8,6.5
424,0.0,9.5,8.8,8.5,7.2,8.5,9.2,4.1,7.8
425,0.0,8.5,7.8,6.5,4.2,4.5,7.2,2.8,6.5
426,0.0,9.5,9.8,9.9,8.5,8.5,9.2,6.8,8.0
427,0.0,8.5,7.8,8.2,2.5,7.5,8.2,4.1,6.8
428,2.5,9.5,8.2,8.8,9.0,8.5,9.2,7.8,6.8
429,,,,,,9.5,9.0,6.5,8.5
430,0.0,9.5,8.8,8.2,7.5,8.5,8.2,4.1,7.8
431,0.0,9.5,8.8,8.2,6.5,7.5,8.2,4.1,6.8
432,0.0,9.5,9.8,9.2,8.5,8.5,9.2,7.8,8.0
433,0.0,9.5,8.8,9.2,8.5,8.5,7.2,4.1,6.8
434,0.0,9.5,8.8,8.2,7.5,7.5,8.2,6.8,5.9
435,4.5,9.8,8.2,8.5,7.1,8.5,9.2,4.1,7.8
437,,,,,,9.5,9.0,4.5,8.5
438,0.0,9.5,9.8,9.2,8.5,8.5,9.2,6.8,8.0
439,,,,,,9.5,8.8,7.2,8.5
440,0.0,9.5,8.2,7.8,6.5,7.5,8.2,4.1,6.8
441,0.0,9.5,8.5,7.8,8.0,7.5,6.2,4.1,8.1
442,0.0,9.5,8.8,9.2,9.0,8.5,9.2,4.1,8.8
443,0.0,9.5,8.8,9.2,6.5,8.5,9.2,6.8,8.0
444,0.0,9.5,9.0,8.5,7.5,8.5,9.2,6.8,8.0
445,0.0,9.5,8.2,8.5,7.8,7.5,8.2,4.1,6.8
446,0.0,9.5,9.0,8.5,6.0,8.5,9.2,4.1,8.8
447,8.5,9.8,9.5,9.2,8.0,8.5,9.2,6.8,8.0
448,0.0,9.5,8.8,8.2,7.5,8.5,9.2,4.1,8.8
449,0.0,9.5,8.8,9.2,7.5,8.5,8.2,4.1,7.8
450,,,,,,8.5,9.2,4.8,7.1
451,0.0,8.5,7.8,6.5,4.2,4.5,8.2,2.8,6.5
452,2.5,9.5,8.2,8.8,6.5,8.5,9.2,4.1,7.8
453,0.0,9.5,9.8,9.2,8.5,8.5,9.2,4.1,7.8
454,0.0,8.5,7.8,8.2,9.0,7.5,8.2,4.1,8.8
455,,,,,,8.5,9.2,6.8,8.0
456,0.0,8.5,6.8,4.2,5.1,1.5,2.1,4.2,1.8
458,0.5,8.5,7.2,6.8,8.0,7.5,8.2,4.1,6.8
459,8.5,9.5,7.8,8.2,9.0,8.5,7.2,4.1,6.8
460,,,,,,4.5,7.2,3.1,5.8
461,0.0,8.5,7.8,6.5,4.2,4.5,7.2,2.8,5.8
462,2.5,9.8,9.5,9.2,9.0,8.5,9.2,7.8,8.8
463,8.5,9.8,9.5,9.2,8.8,9.5,9.8,8.2,8.5
464,0.0,9.5,8.8,9.2,7.5,9.5,9.8,6.5,8.2
465,0.0,8.5,6.8,7.2,8.0,7.5,8.2,4.1,6.8
466,0.0,8.5,7.8,6.5,4.2,7.5,8.2,4.1,6.8
467,0.0,8.5,7.8,6.5,8.0,7.5,8.2,4.1,6.8
468,0.0,9.5,9.8,9.2,8.5,8.5,9.2,6.8,8.0
469,8.5,9.5,8.0,9.0,6.5,8.5,7.2,4.1,6.8
470,0.0,9.5,8.8,8.2,9.0,8.5,9.2,6.8,8.0
471,0.0,9.5,8.8,8.2,7.5,8.5,9.2,6.8,7.1
472,0.0,8.5,6.8,7.2,4.5,7.5,8.2,4.1,6.8
473,0.0,9.5,9.0,8.5,6.0,8.5,9.2,6.8,7.1
474,0.0,9.5,8.8,9.2,7.5,8.5,9.2,7.8,8.8
475,8.5,9.8,9.5,9.2,7.8,8.5,9.2,6.8,8.0
476,0.0,9.8,9.5,9.2,8.5,9.5,9.0,6.8,8.5
477,0.0,9.5,8.8,9.2,9.0,8.5,9.2,4.8,7.1
479,0.0,9.5,8.8,8.2,9.8,7.5,8.2,4.1,6.8
480,0.0,8.5,7.8,8.2,4.5,8.5,7.2,4.1,6.8
481,0.0,8.5,7.8,6.5,8.0,7.5,6.2,4.1,5.8
482,4.5,9.5,8.8,8.2,7.5,8.5,9.2,4.8,7.1
483,0.0,9.5,8.2,6.5,8.8,7.5,8.2,4.1,6.8
484,0.0,9.5,8.8,9.2,7.5,8.5,7.2,4.1,8.8
486,,,,,,8.5,9.2,4.1,8.8
487,0.0,8.5,6.8,7.2,9.0,8.5,7.2,4.1,6.8
488,0.0,8.5,7.8,6.2,4.1,2.5,1.8,1.2,1.0
489,0.0,8.5,8.0,7.5,6.5,4.5,6.8,3.2,5.1
490,0.0,9.5,8.2,7.8,9.0,8.5,9.2,4.1,7.8
491,8.0,9.5,9.8,9.2,7.5,8.5,9.2,6.8,8.0
492,,,,,,9.5,8.8,6.5,8.2
493,0.0,9.5,7.8,8.2,9.0,7.5,8.2,4.1,6.8
495,0.0,9.5,8.2,7.8,8.5,7.5,8.2,4.1,6.8
496,2.5,8.5,7.8,6.2,8.0,7.5,8.2,4.5,6.8
497,,,,,,9.5,8.2,7.1,8.8
498,4.5,8.5,8.0,7.2,2.8,4.5,2.8,2.5,1.8
499,0.0,9.5,8.8,9.2,9.0,8.5,9.2,6.8,8.0
500,0.0,9.5,8.2,8.5,7.8,7.5,8.2,6.8,6.5
501,0.0,9.5,8.8,8.2,7.5,8.5,9.2,6.8,7.1
502,0.0,8.5,6.8,7.2,9.0,4.5,6.8,2.5,5.8
503,2.5,9.5,8.8,9.2,6.5,8.5,7.2,6.8,8.0
504,0.0,9.5,8.8,9.2,8.5,8.5,9.2,7.8,8.0
505,8.5,9.5,8.0,9.0,9.0,8.5,7.2,4.1,6.8
506,0.0,8.5,7.8,6.5,4.2,4.5,8.2,6.8,7.5
507,0.0,9.5,8.8,9.2,8.5,8.5,9.2,6.8,8.0
508,0.0,8.5,7.8,8.2,6.5,8.5,7.2,4.1,6.8
509,0.0,8.5,6.8,7.2,8.0,7.5,8.2,4.1,8.8
510,8.5,9.8,9.5,9.2,8.0,8.5,9.2,6.8,8.0
511,4.5,9.5,8.8,8.2,6.5,8.5,9.2,4.1,8.8
512,0.0,8.5,7.2,6.8,8.0,4.5,7.2,2.8,6.5
513,0.0,8.5,6.8,7.2,8.0,4.5,7.2,6.8,5.1
514,4.5,8.8,7.2,6.5,5.1,7.5,6.2,4.8,5.5
515,0.0,9.5,8.8,9.2,6.5,8.5,9.2,4.1,8.8
516,0.0,9.5,8.8,9.2,9.0,8.5,9.2,6.8,7.1
517,,,,,,9.5,9.0,6.8,8.5
518,,,,,,8.5,7.2,4.8,6.8
519,0.0,8.5,6.8,7.2,9.0,8.5,7.2,9.1,1.8
520,0.5,9.5,8.8,9.2,7.5,8.5,9.2,6.8,8.0
521,0.0,9.5,8.8,9.2,7.5,8.5,9.2,4.1,7.8
522,,,,,,9.5,8.8,4.2,8.5
523,0.0,9.5,9.0,9.8,8.5,8.5,9.2,6.8,8.0
524,0.0,9.5,8.2,7.8,8.5,7.5,8.2,4.1,6.8
525,0.0,9.5,8.8,9.2,7.5,8.5,9.2,6.8,8.0
526,0.0,9.5,8.2,9.0,7.5,8.5,7.2,6.8,8.0
527,0.0,8.5,7.8,6.5,4.2,4.5,6.8,2.5,7.2
528,0.0,8.5,6.8,7.2,9.0,8.5,7.2,4.1,6.8
530,0.0,9.5,9.0,8.5,7.0,8.5,7.2,4.8,8.0
531,0.0,8.5,7.8,8.2,9.0,7.5,8.2,4.1,6.8
532,0.0,9.5,8.8,9.2,8.5,8.5,7.2,4.1,6.8
533,0.0,9.5,8.2,7.8,6.5,8.5,9.2,4.1,7.8
534,0.0,9.5,8.2,7.8,6.5,8.5,9.2,4.1,7.8
535,0.0,8.5,6.8,7.2,8.0,4.5,7.2,3.8,6.1
536,7.5,9.5,8.2,8.8,6.8,7.5,8.2,6.8,8.5
537,,,,,,8.5,9.2,7.8,8.0
538,2.5,9.5,8.8,8.2,7.5,8.5,9.2,6.8,8.0
539,0.0,9.5,9.0,9.8,6.0,8.5,9.2,6.8,8.0
540,0.0,9.5,8.8,9.2,7.5,8.5,9.2,6.8,8.0
541,8.5,9.8,9.2,9.5,8.0,8.5,7.2,4.1,8.8
542,0.0,9.5,8.8,8.2,7.5,8.5,7.2,6.8,8.0
543,0.0,9.5,8.8,8.2,7.5,8.5,7.2,4.1,6.8
544,0.0,9.5,9.8,9.9,8.5,9.5,8.8,6.5,8.2
545,0.0,9.8,9.5,9.9,8.2,8.5,9.2,6.8,8.0
546,4.5,9.8,9.5,8.2,7.1,8.5,9.2,7.8,8.0
547,2.5,9.5,8.8,9.2,8.0,8.5,9.2,6.8,8.0
548,0.0,9.5,8.8,8.2,7.5,8.5,9.2,6.8,7.1
549,0.0,8.5,6.8,7.2,9.0,7.5,8.2,4.1,6.8
550,8.5,9.5,8.8,9.2,9.0,8.5,7.2,4.1,6.8
551,0.0,9.5,8.2,8.5,7.8,7.5,8.2,4.1,6.8
552,0.0,9.5,8.8,9.2,7.5,8.5,9.2,7.8,6.8
553,2.5,8.8,7.9,8.2,4.1,7.5,8.2,6.8,8.5
554,0.0,9.5,8.8,9.2,9.0,8.5,9.2,4.1,7.8
555,0.0,9.5,9.8,9.2,7.5,8.5,9.2,4.1,8.8
557,4.5,9.5,8.8,9.2,7.5,8.5,7.2,4.1,8.8
558,0.0,9.5,8.8,9.2,8.5,8.5,9.2,6.8,7.1
559,0.0,9.5,8.8,9.2,7.5,8.5,9.2,6.8,8.0
560,,,,,,8.5,9.2,4.1,8.8
561,0.0,8.5,7.8,8.2,9.0,7.5,8.2,4.1,6.8
562,0.0,9.5,8.8,9.2,7.5,8.5,9.2,7.8,8.0
563,0.0,9.5,8.8,9.2,7.5,8.5,9.2,6.8,8.0
564,0.0,9.5,8.8,9.2,9.0,9.5,8.8,6.5,8.2
565,0.0,9.5,8.8,9.2,6.5,8.5,9.2,6.8,8.0
566,0.0,8.5,6.8,7.2,8.0,4.5,2.8,2.5,4.8
567,0.0,8.5,6.8,7.2,8.0,4.8,6.5,4.2,3.5
568,0.0,8.5,7.8,6.2,4.1,8.5,7.2,4.1,6.8
569,0.0,9.5,8.2,7.8,8.5,8.5,9.2,4.1,6.8
570,0.0,9.5,8.2,8.5,7.8,8.5,7.2,6.8,8.0
571,4.5,9.5,8.2,8.8,7.1,8.5,9.2,7.8,8.0
572,0.0,8.5,6.8,7.2,5.1,4.5,7.2,2.8,5.1
573,0.0,8.5,7.8,6.5,4.2,4.5,7.2,6.8,8.1
574,0.0,9.5,8.2,8.5,6.8,8.5,9.2,4.1,7.8
575,0.0,9.5,8.8,9.2,7.5,8.5,9.2,7.8,8.0
576,4.5,9.5,8.2,7.8,8.5,8.5,9.2,6.8,8.0
577,0.0,9.5,8.2,7.8,6.5,7.5,8.2,4.1,8.8
578,0.0,9.5,8.8,9.0,8.5,8.5,7.2,4.8,6.8
579,0.0,8.5,7.2,6.8,6.5,7.5,8.2,4.1,6.8
581,0.0,9.5,9.0,9.2,8.5,9.5,9.0,8.5,8.0
583,,,,,,9.5,8.8,4.2,8.5
584,,,,,,8.5,9.2,4.1,8.8
585,0.0,9.5,8.8,8.2,6.5,7.5,8.2,6.8,8.5
586,8.5,9.8,9.2,9.5,8.0,8.5,9.2,4.1,7.8
587,0.0,9.5,8.8,8.2,7.5,8.5,9.2,4.1,7.8
588,0.0,9.5,8.2,7.5,4.8,7.5,8.2,2.5,6.8
589,0.0,8.5,7.2,8.8,9.0,8.5,8.2,4.1,6.8
590,0.0,9.5,9.8,9.9,8.5,9.5,8.8,7.2,8.5
591,0.0,9.5,8.2,7.5,6.8,8.5,9.2,4.1,6.8
592,0.0,8.5,6.8,8.2,7.1,4.5,6.8,2.1,7.9
593,0.0,9.5,8.8,8.2,7.5,4.5,6.8,2.5,3.8
594,0.0,9.5,8.8,9.2,9.8,8.5,9.2,4.1,8.8
595,8.5,9.8,9.5,9.2,8.0,8.5,9.2,4.1,8.8
596,0.0,8.5,6.8,7.2,4.1,4.5,2.8,1.5,3.2
597,8.5,9.8,9.5,9.2,8.0,9.5,8.8,6.5,8.2
598,0.0,9.5,8.8,8.2,7.5,8.5,9.2,4.1,8.8
599,0.0,9.5,8.8,9.2,7.5,8.5,9.0,4.2,7.8
600,6.5,9.5,8.2,9.0,8.8,8.5,9.2,4.1,8.8
601,0.0,8.5,7.2,6.8,4.1,4.5,7.2,3.1,6.8
602,,,,,,8.5,9.2,6.8,8.0
605,0.0,9.8,9.5,9.9,8.2,9.5,8.8,7.2,8.5
606,0.0,9.5,9.0,8.5,6.0,8.5,9.2,4.1,7.8
608,0.0,8.5,7.2,4.1,2.8,4.5,8.2,2.8,6.1
609,0.0,9.5,8.8,9.2,9.0,8.5,9.2,4.1,8.8
610,0.0,8.5,6.8,7.2,9.0,7.5,8.2,4.1,6.8
611,0.0,9.5,8.8,9.2,7.5,8.5,9.2,7.8,8.0
612,0.0,9.5,8.8,9.2,7.5,7.5,8.2,4.1,6.8
613,0.0,9.5,8.8,9.2,8.5,8.5,9.2,4.1,7.8
614,0.0,8.5,7.8,8.2,4.5,7.5,8.2,4.1,6.8
616,0.0,9.5,8.8,9.2,6.5,8.5,7.2,4.8,8.0
617,0.0,9.5,8.8,9.2,8.5,8.5,7.2,4.1,8.8
619,0.0,8.5,7.8,6.2,4.1,7.5,8.2,4.1,6.8
620,0.0,9.5,8.8,9.2,7.5,8.5,9.2,4.1,7.8
621,0.0,9.5,8.2,9.0,8.8,8.5,8.2,4.8,7.1
622,0.0,8.5,6.8,7.2,8.0,7.5,6.2,4.1,5.8
623,0.0,9.5,8.2,7.8,9.8,8.5,7.2,4.1,6.8
624,2.5,8.5,6.8,7.2,9.0,8.5,7.2,6.8,8.0
625,0.0,6.5,4.8,6.2,3.5,4.5,6.8,2.1,5.9
626,,,,,,9.5,8.8,6.5,8.2
627,0.0,9.5,8.8,8.2,7.5,8.5,9.2,4.1,6.8
628,0.0,8.5,8.0,7.5,4.5,4.5,6.8,4.2,8.1
629,0.0,8.5,7.8,6.9,8.2,7.5,8.2,4.1,6.8
630,0.0,9.5,8.2,8.5,7.8,8.5,9.2,4.1,6.8
631,0.0,9.5,8.8,9.2,7.5,8.5,9.2,4.1,7.8
632,2.5,8.5,7.8,8.2,4.1,7.5,8.2,6.8,8.5
633,0.0,8.5,6.8,4.2,7.1,7.5,6.2,2.8,4.5
634,0.0,9.5,8.8,8.2,7.5,8.5,9.2,4.1,7.8
635,0.0,9.5,9.0,9.2,8.5,9.5,8.8,6.5,8.2
636,0.0,9.5,8.8,7.2,6.5,7.5,8.2,4.1,6.8
637,8.5,9.8,9.2,9.5,9.9,8.5,9.2,6.8,8.0
638,0.0,8.5,6.8,7.2,8.0,4.5,8.2,6.8,7.5
639,0.0,8.5,4.2,6.1,2.8,2.5,4.2,1.8,1.0
640,0.0,9.5,8.2,8.5,9.0,8.5,9.2,4.1,6.8
641,0.0,8.5,6.8,7.2,9.0,8.5,8.2,4.1,6.8
642,0.0,8.5,6.8,4.2,9.0,8.5,8.2,2.1,4.8
643,0.0,9.8,9.5,9.2,8.5,8.5,9.2,4.1,8.8
644,4.5,9.5,8.8,9.0,6.0,8.5,9.0,4.2,7.8
645,8.5,9.5,9.0,8.0,8.8,7.5,8.2,4.1,6.8
646,0.0,9.5,8.8,9.2,8.5,8.5,9.2,7.8,8.0
647,0.0,9.5,8.8,9.2,7.5,8.5,9.2,7.8,9.0
648,8.5,9.8,9.5,9.2,8.8,8.5,9.2,4.1,8.8
649,4.5,9.5,8.8,8.2,7.0,8.5,7.2,4.1,8.8
650,0.0,9.5,8.2,6.5,7.8,8.5,9.2,4.1,6.8
651,0.0,8.5,7.2,6.8,4.5,4.5,7.2,2.8,6.1
652,0.0,8.5,6.8,7.2,9.0,7.5,8.2,4.1,6.8
653,0.0,9.8,9.5,9.2,6.5,9.5,8.8,4.2,8.5
654,8.5,9.5,8.8,9.2,9.0,8.5,9.2,7.8,8.0
655,0.0,2.5,1.8,2.2,4.1,2.5,1.8,1.2,0.5
656,0.0,9.5,8.2,8.5,6.8,8.5,7.2,4.1,6.8
657,0.5,8.5,7.2,8.8,6.1,7.5,8.2,6.8,5.5
658,4.5,9.5,8.8,9.2,7.5,8.5,9.2,8.8,9.0
659,0.0,9.5,8.8,8.2,6.5,8.5,9.2,2.1,8.8
660,0.0,9.5,8.2,7.8,8.5,8.5,9.0,4.2,7.8
661,0.0,9.5,9.8,9.9,8.5,9.5,9.8,8.2,8.5
662,0.0,8.5,7.2,6.8,4.1,8.5,9.2,4.1,7.8
663,0.0,8.5,7.2,6.8,8.8,8.5,9.2,4.1,7.8
664,0.0,9.5,8.8,8.2,4.5,4.5,8.2,6.8,7.5
665,0.0,9.5,9.8,9.2,8.5,8.5,9.2,4.1,8.8
667,0.0,8.5,6.8,7.2,8.0,8.5,9.2,4.1,6.8
668,4.5,9.8,9.5,9.2,8.5,8.5,9.2,6.8,8.0
669,0.0,9.5,8.2,7.8,6.5,8.5,9.2,4.1,7.8
670,0.0,9.8,9.5,9.2,8.5,8.5,9.2,4.1,8.8
672,0.0,8.5,7.8,8.2,6.5,7.5,8.2,4.1,6.8
673,0.0,9.5,8.8,7.2,9.0,8.5,9.2,4.1,6.8
674,0.0,8.5,8.0,8.2,6.5,7.5,8.2,4.1,6.8
675,0.0,9.5,9.8,8.5,8.2,8.5,8.2,4.1,7.8
676,0.0,8.5,4.2,3.1,2.8,4.5,7.2,2.8,6.5
677,0.0,9.5,8.8,7.2,8.5,8.5,9.2,6.8,8.0
678,0.0,9.5,8.8,8.2,7.5,8.5,9.2,6.8,7.1
679,0.0,9.5,8.8,9.2,9.0,8.5,9.2,4.1,8.8
680,0.0,9.5,8.8,8.2,7.5,8.5,9.2,4.1,8.8
681,0.0,8.5,6.8,7.2,8.0,7.5,8.2,2.5,6.8
682,8.5,9.8,9.2,9.5,8.0,8.5,9.2,4.1,8.8
683,0.0,8.5,7.2,8.8,6.5,4.5,7.2,2.8,6.5
684,0.0,9.5,8.2,8.8,7.5,8.5,9.0,4.2,7.8
685,0.0,9.5,9.8,9.2,8.5,9.5,8.8,4.2,8.5
686,0.0,9.5,8.8,9.2,6.5,8.5,8.2,4.1,7.8
687,0.0,9.5,8.8,9.2,7.5,8.5,9.2,7.8,8.0
688,0.0,9.5,8.2,7.8,8.5,8.5,7.2,4.1,6.8
689,2.5,9.5,8.8,9.2,8.5,8.5,9.2,7.8,8.0
690,0.0,9.5,9.8,9.2,8.5,8.5,9.2,6.8,8.0
691,0.0,9.5,8.8,9.2,7.5,,,,
692,0.0,9.5,9.0,9.2,6.5,8.5,9.2,4.8,8.0
693,,,,,,8.5,9.2,4.1,8.8
694,0.0,9.5,9.8,9.2,6.5,8.5,7.2,4.1,8.8
695,0.0,9.5,8.8,9.2,6.5,8.5,9.2,8.8,6.5
696,8.5,9.8,9.5,9.2,8.8,9.5,9.0,7.8,8.5
698,0.0,9.5,8.2,8.8,7.5,8.5,9.2,6.8,7.1
699,0.0,9.5,8.8,9.2,7.5,8.5,9.2,4.1,7.8
700,0.0,9.5,8.2,8.5,6.8,8.5,9.2,4.1,7.8
701,4.5,9.5,8.8,7.2,6.5,8.5,8.2,6.8,7.5
702,0.0,9.5,8.8,9.2,8.5,8.5,9.2,4.1,8.8
703,0.0,9.5,8.8,9.2,6.5,8.5,9.2,4.1,7.8
704,0.0,9.5,8.8,9.2,6.5,8.5,9.2,4.1,8.8
705,0.0,9.5,8.8,8.2,7.5,8.5,9.2,6.8,7.1
706,0.0,8.5,7.2,8.0,6.8,7.5,8.2,4.1,6.8
707,0.0,8.5,7.2,8.8,6.5,7.5,8.2,6.8,8.5
708,0.0,9.5,8.8,8.2,6.5,8.5,9.2,6.8,8.0
709,0.0,8.5,7.2,6.8,4.5,7.5,8.2,4.1,6.8
710,0.0,9.5,8.2,7.5,6.8,8.5,9.2,6.8,7.1
711,0.0,9.5,8.2,9.0,7.5,8.5,9.2,7.8,6.8
712,8.5,9.8,9.5,9.2,9.0,8.5,9.2,7.8,8.8
713,0.0,8.5,7.8,6.5,2.1,4.5,8.2,2.8,7.5
714,0.0,9.5,8.2,9.0,7.5,8.5,9.2,7.8,6.5
715,0.0,8.5,7.2,8.0,6.8,7.5,8.2,4.1,6.8
716,0.0,9.5,8.8,8.2,9.0,8.5,9.2,4.1,7.8
717,0.0,9.5,8.8,9.2,8.5,8.5,9.2,6.8,7.1
718,0.5,9.8,9.5,9.9,2.1,9.5,8.2,8.8,9.0
719,0.0,9.5,9.8,9.9,6.5,8.5,9.2,4.1,8.8
720,0.0,8.5,6.8,7.2,9.0,7.5,8.2,4.1,6.8
721,0.0,8.5,7.8,6.2,4.5,7.5,6.2,4.1,5.8
722,,,,,,8.5,9.2,6.8,8.0
723,0.0,9.5,8.8,8.2,6.5,7.5,8.2,6.8,8.0
724,0.0,9.5,8.8,9.2,7.5,8.5,9.2,4.1,8.8
726,0.0,9.5,8.2,8.5,7.8,8.5,7.2,4.8,6.8
727,0.0,9.5,8.8,9.2,8.5,8.5,9.2,6.8,8.0
728,0.0,9.5,8.8,8.2,7.5,7.5,8.2,4.1,6.8
729,0.0,9.5,9.0,9.2,8.5,8.5,9.2,6.8,8.0
730,0.0,9.5,8.8,9.2,6.5,8.5,9.2,6.8,8.0
731,0.0,8.5,6.8,7.2,4.5,4.5,7.2,2.8,6.5
732,0.0,8.5,6.8,7.2,9.0,8.5,7.2,4.1,6.8
733,4.5,8.8,7.2,6.5,9.0,8.5,7.2,4.1,6.8
734,,,,,,8.5,7.2,6.8,8.0
735,2.5,9.8,9.5,9.2,8.0,8.5,9.2,4.8,7.1
736,0.0,9.8,9.5,9.2,9.0,9.5,9.8,8.2,9.0
737,0.0,8.5,6.8,7.2,4.5,4.5,8.2,2.8,6.5
738,8.5,9.8,9.5,9.9,8.8,9.5,9.0,7.8,8.5
739,0.0,9.5,8.8,9.2,7.5,8.5,9.2,4.1,8.8
740,8.5,9.8,9.5,9.2,8.8,9.5,9.0,6.5,8.8
741,4.5,9.8,9.5,8.2,7.1,8.5,9.2,4.1,7.8
742,8.5,9.8,7.2,8.8,9.5,7.5,8.2,6.8,4.5
743,0.0,9.5,8.8,9.2,8.5,8.5,9.0,4.2,7.8
744,2.5,9.5,8.8,9.2,6.8,8.5,9.2,7.8,8.8
745,0.0,8.5,7.2,6.8,4.1,7.5,8.2,2.5,6.8
746,0.0,9.5,9.0,8.5,8.0,8.5,9.2,6.8,8.0
747,0.0,9.5,8.8,9.2,9.0,8.5,9.2,4.1,7.8
748,0.0,9.5,9.8,9.9,8.5,8.5,9.2,4.1,8.8
749,0.0,9.5,8.8,8.2,7.5,8.5,9.2,4.1,7.8
750,0.0,8.5,6.8,7.2,4.5,4.5,7.2,3.1,6.8
751,0.0,9.5,9.2,9.8,9.0,8.5,9.2,6.8,8.0
752,0.0,8.5,8.0,7.5,6.5,8.5,7.2,6.8,8.0
753,0.0,8.5,2.5,4.2,6.8,4.5,7.2,2.1,6.8
754,0.0,9.5,8.8,9.2,7.5,8.5,9.2,6.8,8.0
755,0.0,9.5,8.2,7.5,6.8,8.5,7.2,4.1,6.8
756,7.5,9.5,8.2,9.0,9.8,8.5,9.2,4.1,7.8
757,0.0,9.5,8.2,8.8,9.0,8.5,9.2,4.1,6.8
758,,,,,,8.5,7.2,6.8,8.0
759,0.0,8.5,6.8,7.2,8.0,7.5,8.2,6.8,4.5
760,0.0,9.5,7.8,8.2,6.5,4.5,8.2,2.8,6.1
761,0.0,9.5,8.2,8.5,7.8,8.5,9.0,4.2,7.8
762,0.0,8.5,7.8,8.2,6.5,4.5,8.2,7.1,6.8
763,0.0,8.5,7.8,8.2,6.5,4.5,8.2,7.1,6.8
764,0.0,9.5,8.2,8.5,6.8,8.5,9.2,4.1,7.8
765,,,,,,9.5,9.8,8.2,9.0
767,0.0,9.5,8.2,8.5,9.0,8.5,9.2,6.8,7.1
768,2.5,9.5,8.2,8.8,9.0,8.5,9.2,4.1,7.8
769,0.0,8.5,7.8,6.2,4.5,7.5,8.2,4.1,6.8
770,0.0,8.5,8.0,9.0,6.5,4.5,2.1,1.8,6.8
771,0.0,9.5,8.5,8.0,9.0,8.5,7.2,4.1,6.8
772,0.0,9.5,6.8,7.2,8.1,4.5,7.2,2.8,5.8
773,8.5,9.8,9.5,9.2,9.0,8.5,9.2,7.8,8.0
774,0.0,9.8,9.5,9.2,9.9,8.5,9.2,6.8,8.0
775,,,,,,9.5,9.8,6.2,8.5
776,0.0,9.5,9.0,8.5,7.5,8.5,9.2,6.8,7.1
777,0.0,8.5,9.0,8.8,2.5,7.5,8.2,4.1,8.8
778,0.0,9.5,9.8,9.9,2.5,8.5,9.2,6.8,8.8
779,0.0,8.5,7.2,6.5,8.0,7.5,8.2,4.1,6.8
780,0.0,9.5,8.2,8.5,8.0,7.5,8.2,4.1,6.8
781,0.0,8.5,7.8,6.2,9.0,8.5,7.2,4.1,6.8
782,0.0,9.5,8.8,8.2,6.5,8.5,9.2,4.1,6.8
783,0.0,8.5,7.8,6.2,8.0,8.5,7.2,4.1,6.8
784,0.0,9.5,8.8,9.2,6.5,8.5,9.2,6.8,8.0
785,0.0,9.5,8.2,8.5,6.8,8.5,9.2,7.8,8.0
786,0.0,8.5,6.8,7.2,4.5,4.5,6.8,3.2,5.1
787,0.0,9.5,8.2,7.5,4.8,7.5,8.2,4.1,6.8
788,0.0,9.5,8.2,9.0,6.5,8.5,7.2,4.1,6.8
789,0.5,9.5,9.0,8.5,8.0,8.5,7.2,2.5,6.8
790,0.0,9.5,8.8,9.2,7.5,8.5,9.2,6.8,7.1
791,0.0,9.5,8.8,9.2,8.5,8.5,9.2,4.1,8.8
792,0.0,9.5,7.8,8.2,6.5,8.5,9.2,2.1,6.8
793,0.0,9.5,8.8,8.2,7.5,8.5,9.2,4.1,6.8
794,0.0,8.5,7.8,6.5,4.2,4.5,7.2,2.8,6.8
795,0.0,9.5,8.2,8.5,9.8,8.5,9.2,6.8,7.1
796,0.0,9.5,9.0,9.8,9.2,9.5,8.8,6.5,9.0
797,4.5,9.5,8.8,9.2,9.0,8.5,9.2,6.8,8.0
798,2.5,8.5,7.8,8.2,6.5,7.5,8.2,6.8,8.5
799,0.0,8.5,7.8,8.2,6.5,4.5,7.2,2.8,6.8
800,0.0,9.5,8.8,9.2,7.5,8.5,9.2,6.8,8.0
801,0.0,8.5,6.8,8.2,9.0,7.5,6.2,4.1,5.8
802,0.0,8.5,7.8,6.5,4.2,7.5,8.2,4.1,6.8
803,0.0,9.5,8.2,8.5,7.8,8.5,9.2,7.1,6.8
804,0.0,9.5,8.2,9.0,9.8,8.5,8.2,6.8,7.9
805,2.5,9.8,9.5,9.2,8.5,8.5,9.2,6.8,8.0
806,2.5,9.5,8.8,8.2,7.5,8.5,9.2,4.1,6.8
807,0.0,7.5,6.8,4.2,8.1,4.5,6.8,2.5,7.2
808,0.0,9.5,8.8,9.2,6.5,8.5,9.2,4.1,7.8
809,0.0,9.5,8.2,7.8,6.5,8.5,9.2,6.8,7.1
810,0.0,9.5,8.8,8.2,6.5,8.5,9.2,4.1,7.8
812,0.0,9.5,8.8,9.2,9.8,8.5,9.2,6.8,8.0
813,,,,,,9.5,8.2,4.1,8.8
814,8.5,9.8,9.5,9.2,8.0,8.5,9.2,6.8,8.0
815,4.5,9.5,8.8,8.2,6.0,8.5,9.2,7.8,8.0
816,0.0,9.5,8.8,9.2,6.5,8.5,9.2,4.1,7.8
817,2.5,8.5,7.8,8.2,6.5,7.5,8.2,4.1,6.8
818,2.5,8.5,8.0,7.8,6.5,7.5,8.2,6.8,6.5
819,2.5,8.5,7.2,6.8,8.0,7.5,8.2,8.5,6.8
820,,,,,,9.5,8.2,4.1,8.8
821,0.0,9.5,8.2,8.5,6.8,4.5,7.2,2.8,6.8
822,8.5,9.8,9.2,9.5,8.8,8.5,9.2,6.8,7.1
823,0.0,9.5,8.8,9.2,8.5,8.5,7.2,4.1,8.8
824,0.0,9.5,8.8,8.5,6.0,8.5,7.2,4.1,6.8
825,,,,,,8.5,9.2,7.8,8.0
826,,,,,,8.5,9.2,4.1,8.8
827,0.0,8.5,8.0,7.5,2.5,8.5,7.2,4.1,8.8
828,0.0,9.5,8.8,9.2,9.0,8.5,7.2,4.8,6.8
829,0.0,9.5,8.8,8.2,7.5,8.5,9.2,4.1,8.8
830,0.0,9.5,9.8,9.9,6.5,8.5,9.2,6.8,8.0
831,0.0,9.5,8.2,8.5,7.8,8.5,9.2,4.1,7.8
832,,,,,,9.5,9.0,7.8,8.5
833,0.0,9.5,8.2,8.5,9.0,7.5,8.2,6.8,8.5
834,0.0,8.5,7.8,6.2,4.1,4.5,6.8,2.5,5.8
835,0.0,9.5,8.2,9.0,8.5,8.5,9.2,4.1,7.8
836,8.5,9.5,8.0,9.0,6.5,7.5,8.2,2.5,6.8
837,8.5,9.8,9.2,9.5,8.8,8.5,9.2,6.8,8.8
838,4.5,9.5,8.8,8.2,6.5,8.5,9.2,4.1,8.8
839,0.0,9.5,8.2,9.0,7.8,8.5,7.2,6.8,8.0
840,0.0,9.5,9.0,8.5,8.0,9.5,8.8,4.2,8.5
841,0.0,8.5,8.0,7.5,4.0,4.5,6.8,2.5,7.2
842,0.0,9.5,8.2,9.0,9.8,8.5,8.2,4.1,7.8
843,0.0,8.5,7.8,6.2,4.1,4.5,6.8,2.5,5.8
844,4.5,8.8,7.2,6.5,8.0,7.5,8.2,4.1,6.8
846,8.5,9.8,9.2,9.5,8.8,8.5,9.2,6.8,8.0
847,0.0,9.5,8.2,8.5,9.0,7.5,8.2,4.1,6.8
848,7.5,9.5,8.8,8.2,9.0,8.5,9.2,4.1,7.8
849,0.0,9.5,8.2,7.5,6.8,7.5,8.2,4.5,6.8
851,8.5,9.5,9.0,9.2,6.8,8.5,7.2,6.8,8.0
852,0.0,9.5,8.2,8.5,7.8,8.5,7.2,4.8,6.8
853,0.0,8.5,7.8,6.5,8.0,7.5,6.2,4.1,6.8
854,0.0,9.5,9.0,8.5,7.0,8.5,9.2,4.1,8.8
855,0.0,8.5,7.2,6.8,4.1,7.5,8.2,4.1,6.8
856,0.0,8.5,7.8,8.2,6.5,8.5,7.2,4.1,6.8
857,0.0,8.5,7.8,8.2,9.0,8.5,7.2,4.1,8.8
858,0.0,9.5,8.2,8.5,9.8,8.5,8.2,4.1,7.8
859,0.0,9.5,8.8,8.5,6.0,7.5,8.2,4.1,6.8
860,4.5,9.8,8.2,7.5,6.8,8.5,9.2,7.8,6.8
861,0.0,9.5,8.2,8.5,6.8,8.5,9.2,6.8,7.1
862,2.5,9.8,9.5,9.2,8.1,8.5,9.2,4.1,8.8
863,,,,,,8.5,9.2,4.1,8.8
864,2.5,8.8,8.5,9.2,6.8,8.5,7.2,6.8,8.0
865,0.0,9.5,9.8,9.2,6.5,8.5,9.2,6.8,8.0
866,0.0,9.5,8.2,9.8,9.0,8.5,9.2,6.8,8.0
867,0.0,9.5,8.8,7.2,6.5,7.5,8.2,4.1,6.8
868,0.0,8.5,7.8,6.5,8.0,7.5,8.2,4.1,6.8
869,0.0,9.5,8.8,9.2,7.5,8.5,7.2,4.8,8.0
870,0.0,9.5,8.2,8.8,7.5,8.5,9.2,6.8,7.1
871,0.0,9.5,8.8,8.2,6.5,8.5,9.2,4.1,7.8
872,0.0,9.5,8.2,8.5,6.8,7.5,8.2,4.1,6.8
873,0.0,8.5,7.8,6.9,6.2,7.5,8.2,4.8,6.8
875,0.0,9.5,8.2,7.5,6.8,4.5,6.8,3.2,1.8
876,0.0,9.5,8.2,9.0,8.5,8.5,9.2,7.8,6.1
877,0.0,8.5,8.0,7.2,9.0,8.5,7.2,4.1,6.8
878,0.0,9.5,8.2,7.5,6.8,8.5,9.2,4.1,7.8
879,0.0,9.5,9.8,9.2,6.5,9.5,8.2,4.1,9.0
880,0.0,9.5,8.2,7.5,6.8,7.5,8.2,4.1,6.8
881,0.0,8.5,7.2,6.8,4.1,4.5,8.2,6.8,7.5
882,0.0,8.5,2.0,4.0,6.0,8.5,7.2,4.1,1.8
883,,,,,,9.5,8.8,7.2,8.5
884,0.0,9.5,8.2,8.5,6.8,8.5,9.2,4.1,7.8
885,0.0,9.5,9.8,9.9,2.5,9.5,8.8,6.5,9.0
886,0.0,9.5,8.2,8.8,7.5,8.5,9.2,7.8,8.0
887,0.0,8.5,6.8,7.2,8.0,7.5,8.2,4.1,6.8
888,0.0,9.5,8.2,7.8,6.5,4.8,8.5,6.2,7.1
889,0.0,9.5,8.2,8.5,9.0,8.5,9.2,6.8,7.1
890,0.0,9.5,8.2,9.0,8.5,8.5,7.2,4.1,6.8
891,2.5,9.5,9.0,8.5,8.0,8.5,9.2,6.8,8.0
892,0.0,9.5,8.8,9.2,8.5,8.5,9.2,7.8,8.0
893,0.0,8.5,6.8,7.2,9.0,7.5,8.2,4.1,6.8
895,0.0,9.5,8.8,9.2,7.5,8.5,9.2,4.1,8.8
896,2.5,9.5,8.2,9.0,9.8,8.5,7.2,6.8,8.0
897,0.0,9.5,8.8,9.2,8.5,8.5,9.2,7.8,8.8
898,0.0,9.5,8.8,9.2,7.5,8.5,9.2,4.1,8.8
899,0.0,9.5,8.8,9.2,8.5,8.5,8.2,6.8,7.5
900,0.0,9.5,8.8,9.2,8.5,7.5,8.2,4.1,6.8
901,2.5,9.5,8.8,9.0,6.0,8.5,9.2,7.8,8.0
902,0.0,9.5,9.8,9.9,8.5,9.5,8.2,7.8,8.5
903,0.0,9.5,8.2,7.5,8.8,8.5,9.0,4.2,8.0
904,2.5,8.5,7.8,6.2,6.8,7.5,6.2,4.1,5.8
905,0.0,9.5,8.8,9.2,8.5,8.5,9.2,4.1,8.8
906,0.0,9.5,8.2,7.5,6.8,8.5,7.2,4.1,6.8
907,0.0,8.5,7.8,6.5,9.0,7.5,8.2,4.1,6.8
908,0.0,8.5,7.2,6.8,6.5,7.5,8.2,4.1,6.8
909,0.0,9.5,8.8,9.2,9.0,8.5,9.2,4.8,8.0
910,2.5,9.5,8.8,9.2,7.5,8.5,8.2,4.1,7.8
911,0.0,8.5,7.8,8.2,9.0,7.5,6.2,4.1,5.8
912,,,,,,9.5,9.0,8.0,8.5
913,0.0,9.5,8.2,8.8,9.0,8.5,7.2,4.1,8.8
914,0.0,9.5,8.8,9.2,6.5,8.5,9.2,4.1,8.8
916,,,,,,8.5,7.2,6.8,4.5
917,0.0,9.5,8.2,8.5,6.8,8.5,9.2,6.8,8.0
918,0.0,6.5,4.2,3.8,2.5,2.5,6.8,4.2,5.5
919,0.0,9.5,8.2,8.5,7.8,8.5,9.2,6.8,8.0
920,0.0,9.8,9.5,9.2,8.5,,,,
921,0.0,8.5,7.8,6.9,8.2,8.5,9.2,4.1,7.8
922,0.0,9.5,8.8,8.2,6.5,8.5,9.0,4.2,7.8
923,7.5,9.5,8.8,9.2,8.0,8.5,9.2,7.8,8.0
924,0.0,9.5,8.8,9.2,6.5,8.5,7.2,6.8,8.0
925,0.0,9.5,8.2,8.5,7.8,7.5,8.2,4.1,6.8
926,8.5,9.8,9.5,9.2,8.0,8.5,9.2,6.8,7.1
927,,,,,,9.5,9.8,7.2,8.5
928,0.0,9.5,9.0,9.2,9.8,8.5,9.2,4.1,8.8
929,0.0,9.5,8.8,9.2,7.5,8.5,9.2,7.8,8.8
930,0.0,9.5,8.8,9.2,6.5,8.5,7.2,4.1,6.8
931,0.0,9.5,8.8,9.2,7.5,8.5,9.2,4.1,7.8
932,0.0,8.5,6.8,7.2,9.0,4.5,7.2,3.8,6.1
933,0.0,9.5,8.2,7.5,8.8,8.5,9.2,6.8,7.1
934,4.5,8.8,6.2,7.5,9.0,7.5,8.2,4.1,6.8
935,0.0,8.5,6.8,7.2,9.0,7.5,8.2,2.5,6.8
936,8.5,9.8,9.2,9.5,8.8,8.5,9.2,4.1,8.8
937,0.0,9.5,9.8,9.9,8.5,9.5,8.2,6.8,9.0
938,,,,,,8.5,9.2,4.1,7.8
939,0.0,9.5,8.8,9.2,8.5,8.5,9.2,6.8,9.0
940,0.0,9.5,8.8,7.2,6.5,8.5,9.2,6.8,7.1
941,0.0,9.5,8.2,7.8,9.0,8.5,7.2,4.1,6.8
942,0.0,9.5,8.2,8.5,7.8,8.5,9.2,6.8,8.0
943,2.5,9.8,8.5,9.2,9.0,8.5,9.2,6.8,7.1
944,0.0,8.5,7.8,6.5,4.2,7.5,8.2,4.1,6.8
945,0.0,9.5,8.8,9.2,7.5,8.5,9.2,4.1,8.8
946,0.0,9.5,8.8,8.2,7.5,8.5,9.2,4.1,7.8
947,0.0,8.5,2.8,4.2,6.5,4.5,7.2,2.8,6.1
948,0.0,9.5,8.8,9.2,8.5,8.5,9.2,6.8,8.0
949,4.5,9.5,8.2,8.8,7.5,8.5,9.2,7.8,8.0
950,0.0,8.5,7.8,6.2,4.1,4.5,7.2,2.8,3.5
951,0.0,9.5,8.8,8.2,7.5,8.5,9.2,4.1,6.8
952,0.0,9.5,8.2,8.5,7.8,7.5,8.2,4.1,6.8
953,0.0,9.5,9.0,9.2,6.5,8.5,9.2,4.1,8.8
954,0.0,9.5,9.0,9.2,6.5,8.5,7.2,6.8,8.0
955,0.0,9.5,8.2,8.5,7.8,7.5,8.2,4.1,6.8
956,2.5,8.5,4.2,6.8,8.0,4.5,6.8,2.5,7.2
957,0.0,9.5,8.2,9.0,8.5,8.5,9.2,4.1,7.8
958,0.0,9.8,9.5,9.9,8.5,9.5,9.0,7.8,8.5
961,0.0,8.5,7.8,6.2,9.0,8.5,7.2,4.1,6.8
962,0.0,9.5,9.0,8.5,8.0,8.5,7.2,4.1,4.8
963,7.5,9.5,8.8,8.2,6.8,7.5,8.2,6.8,6.5
964,0.0,9.5,8.8,9.2,8.5,8.5,9.2,4.8,8.0
965,0.0,9.5,9.8,9.2,8.5,8.5,9.2,4.1,8.8
966,0.0,9.5,8.8,9.2,2.0,8.5,9.2,4.1,8.8
967,0.0,8.5,7.2,8.0,9.0,8.5,7.2,4.8,6.8
968,0.0,8.5,7.8,6.5,4.2,4.5,8.2,2.8,6.1
969,0.0,9.5,8.8,8.2,6.5,8.5,7.2,4.1,8.0
970,8.5,9.8,9.2,9.5,9.0,9.5,8.2,7.8,8.5
971,2.5,8.5,6.8,7.2,8.0,7.5,8.2,4.1,6.8
972,0.0,9.5,8.8,8.2,6.5,8.5,9.2,4.1,7.8
973,0.0,9.5,8.8,9.2,6.5,8.5,9.2,4.1,8.8
974,0.0,9.5,8.8,9.2,9.0,8.5,9.2,6.8,8.0
975,0.0,8.5,6.8,4.2,7.9,7.5,8.2,4.1,6.8
976,2.5,9.5,8.2,8.8,9.0,8.5,9.2,6.8,8.0
977,0.0,8.5,7.2,8.0,6.8,8.5,7.2,4.8,6.8
978,0.0,9.5,8.8,9.2,8.5,8.5,7.2,6.8,8.0
979,0.0,9.5,8.8,7.2,6.5,8.5,9.2,7.8,8.0
980,2.5,9.5,8.2,8.8,7.1,8.5,9.2,4.8,7.1
981,0.0,9.5,8.8,8.2,6.5,7.5,8.2,4.1,8.8
982,0.0,9.5,8.2,8.5,7.8,8.5,9.2,4.1,8.8
983,0.0,9.5,8.8,9.2,2.5,8.5,9.2,7.8,8.0
985,2.5,8.5,7.8,8.2,9.0,7.5,8.2,4.1,6.8
986,0.0,9.8,9.5,9.8,8.5,9.5,9.8,6.5,8.2
987,0.0,9.5,8.8,9.2,6.5,8.5,9.2,6.8,8.0
988,0.0,9.5,8.8,9.2,7.5,8.5,9.2,6.8,8.0
989,2.5,8.5,7.2,6.8,4.1,7.5,8.2,2.5,6.8
990,0.0,9.5,8.8,8.2,6.5,8.5,7.2,4.1,6.8
991,2.5,9.5,8.8,9.2,6.5,8.5,9.2,6.8,7.1
992,0.0,9.5,9.0,8.5,7.5,8.5,9.2,6.8,8.0
993,,,,,,8.5,9.2,4.1,6.8
994,8.5,9.8,9.5,9.2,8.0,8.5,9.2,6.8,8.0
995,0.0,9.5,8.8,9.2,8.5,8.5,9.2,6.8,7.9
997,4.5,8.8,7.2,6.5,5.1,7.5,8.2,4.1,6.8
998,0.0,8.5,8.0,6.5,7.8,7.5,8.2,2.1,4.8
999,4.5,9.5,9.0,8.5,8.0,8.5,9.2,6.8,8.0
1000,0.0,9.5,9.0,9.2,8.5,8.5,9.2,6.8,8.0
1001,0.0,9.5,8.8,8.2,6.5,8.5,7.2,4.1,6.8
1002,0.0,6.5,4.8,3.2,5.1,2.5,1.8,1.2,1.0
1003,0.0,8.5,7.8,6.5,4.2,7.5,8.2,4.1,6.8
1004,0.0,8.5,7.8,8.2,4.5,4.5,8.2,2.8,6.5
1005,0.0,8.5,7.8,6.9,6.2,7.5,8.2,4.1,6.8
1006,0.0,9.5,8.8,8.2,6.5,8.5,9.2,4.1,7.8
1007,2.5,9.5,8.8,8.2,9.0,8.5,9.2,6.8,7.1
1008,0.0,9.5,6.8,7.2,8.5,4.5,7.2,2.8,6.5
1009,4.5,9.5,8.2,7.8,8.5,8.5,9.2,6.8,7.1
1010,,,,,,9.5,8.8,4.2,8.5
1011,4.5,8.8,7.2,6.5,8.1,4.5,8.2,2.8,6.1
1012,0.0,9.8,9.5,9.2,8.5,9.5,8.8,6.5,8.2
1013,0.0,9.8,9.5,9.9,8.5,9.5,8.8,6.5,8.2
1014,2.5,9.5,8.8,8.2,7.0,8.5,9.2,6.8,8.0
1015,2.5,9.5,8.8,9.2,8.5,8.5,9.2,4.1,8.8
1016,4.5,9.5,8.2,7.8,9.0,8.5,7.2,4.1,6.8
1017,0.0,8.5,7.2,8.0,6.8,8.5,9.2,6.8,7.1
1018,2.5,8.8,7.2,6.5,4.1,7.5,8.2,4.1,6.8
1019,0.0,9.5,8.2,9.0,7.8,8.5,9.2,4.1,6.8
1020,0.0,8.5,7.8,6.5,4.2,4.5,2.1,1.8,1.2
1021,0.0,9.5,8.8,9.2,8.5,8.5,9.2,4.1,8.8
1022,0.0,9.5,8.2,7.8,6.5,8.5,9.2,6.8,7.1
1023,0.0,9.5,8.8,9.2,7.5,8.5,9.2,6.8,8.0
1024,0.0,9.5,8.8,9.2,7.5,8.5,9.2,4.1,8.8
1025,8.5,9.8,9.5,9.2,8.8,8.5,9.2,4.1,8.8
1026,0.0,9.5,8.2,8.5,7.8,8.5,9.2,4.1,7.8
1027,0.0,9.5,8.2,7.8,6.5,8.5,9.2,7.8,6.5
1028,0.0,9.5,8.2,8.5,9.0,7.5,8.2,4.1,6.8
1029,8.5,9.8,9.2,9.0,7.5,8.5,9.2,4.1,7.8
1030,0.0,9.5,8.2,7.8,8.5,7.5,8.2,4.1,6.8
1031,0.0,9.5,8.2,8.5,7.8,8.5,9.2,4.1,7.8
1032,0.0,9.5,9.2,9.0,8.5,8.5,9.2,6.8,8.0
1033,2.5,8.5,7.8,8.2,6.5,7.5,8.2,6.8,8.5
1034,0.0,9.5,8.8,9.2,7.5,8.5,9.2,4.1,8.8
1035,0.0,8.5,7.8,8.2,6.5,4.5,7.2,2.8,6.8
1036,0.0,9.5,8.2,8.8,9.0,8.5,7.2,2.5,6.8
1037,2.5,8.8,7.2,6.5,4.1,8.5,9.2,6.8,7.1
1039,0.0,8.5,7.8,6.5,4.2,4.5,7.2,2.8,6.5
1040,0.0,8.5,6.8,7.2,8.0,7.5,8.2,4.1,6.8
1041,0.0,9.5,8.2,9.8,9.9,8.5,9.2,6.8,8.0
1042,0.0,9.5,8.8,8.2,7.5,8.5,9.2,4.1,8.8
1043,0.0,9.5,8.2,7.8,9.0,7.5,8.2,6.8,6.5
1044,,,,,,9.5,8.8,4.2,8.5
1045,0.0,9.5,9.8,9.2,2.5,8.5,9.2,6.8,8.8
1046,8.5,9.8,9.5,9.2,8.8,8.5,9.2,4.1,8.8
1047,0.0,9.5,8.8,8.2,6.5,8.5,9.2,6.8,8.0
1048,0.0,9.5,8.8,9.2,8.5,8.5,9.2,6.8,8.0
1049,0.0,7.5,6.8,4.2,8.1,4.5,6.8,3.2,5.9
1050,0.0,8.5,7.2,8.0,6.8,7.5,8.2,4.1,6.8
1051,0.0,8.5,6.8,4.2,9.0,7.5,8.2,4.1,6.8
1052,0.0,8.5,6.8,7.2,4.9,4.5,8.2,6.8,3.5
1053,0.0,8.5,6.8,4.2,5.1,7.5,8.2,4.8,6.1
1054,,,,,,8.5,9.2,4.1,7.8
1055,0.0,8.5,7.8,6.5,4.2,4.5,6.8,2.1,7.9
1056,0.0,9.5,8.8,9.2,7.5,8.5,9.2,6.8,7.1
1057,0.0,8.5,7.8,6.5,8.2,7.5,8.2,6.8,5.5
1058,8.5,9.8,9.5,9.2,7.8,8.5,8.2,4.1,7.8
1059,0.0,9.5,8.2,7.5,4.8,4.5,8.2,2.8,6.5
1060,8.5,9.8,9.5,9.9,8.0,9.5,9.0,6.5,8.5
1061,8.5,9.8,9.5,9.2,8.8,9.5,9.0,7.8,8.5
1062,0.0,9.5,8.8,9.2,7.5,8.5,9.2,4.1,7.8
1063,,,,,,9.5,9.0,6.5,8.5
1064,8.5,9.8,9.5,9.2,8.8,8.5,7.2,4.1,6.8
1065,0.0,8.5,7.2,8.0,4.5,4.5,7.2,6.8,6.5
1066,0.0,9.5,8.8,9.0,7.2,8.5,7.2,4.1,6.8
1067,0.0,9.5,8.2,7.5,6.8,7.5,8.2,4.1,6.8
1068,8.5,9.8,9.5,9.2,6.8,8.5,7.2,4.8,8.0
1069,,,,,,9.5,9.8,8.2,8.5
1070,0.0,9.8,9.5,9.9,8.5,8.5,9.2,4.1,8.8
1071,4.5,9.8,9.5,9.2,7.1,8.5,9.2,7.8,8.8
1072,0.0,8.5,7.8,8.2,4.1,8.5,7.2,4.1,6.8
1073,0.0,6.5,4.8,3.2,2.1,4.5,6.8,2.5,5.8
1074,0.0,9.5,8.2,8.8,6.5,8.5,7.2,4.1,8.8
1075,0.0,4.5,2.8,6.5,3.2,2.5,4.2,1.8,8.5
1076,0.0,9.5,8.8,9.2,9.0,8.5,7.2,4.1,6.8
1077,0.0,8.5,6.8,4.2,3.5,2.5,1.8,1.2,4.5
1078,0.0,8.5,7.8,8.2,6.5,7.5,8.2,4.5,6.8
1080,0.0,8.5,6.8,7.2,9.0,4.5,8.2,2.8,1.5
1081,0.0,9.5,9.8,9.9,8.5,9.5,8.8,7.2,8.5
1082,0.0,2.5,1.8,1.2,4.1,1.5,4.2,2.8,1.8
1083,0.0,9.5,8.8,9.2,7.5,8.5,9.2,4.1,8.8
1084,0.0,9.5,9.2,9.0,8.5,8.5,9.2,6.8,8.0
1085,0.0,9.5,8.8,9.2,6.5,7.5,8.2,4.1,6.8
1086,4.5,9.5,8.2,7.8,9.0,8.5,7.2,6.8,8.0
1087,0.0,8.5,7.8,8.2,6.5,7.5,8.2,6.8,6.5
1089,0.0,8.5,7.8,6.5,4.2,7.5,8.2,4.1,6.8
1090,0.0,9.5,8.8,9.2,7.5,8.5,9.2,4.1,8.8
1091,0.0,8.5,7.8,8.2,6.5,8.5,7.2,6.8,8.0
1092,0.0,9.5,8.8,8.2,6.5,8.5,9.2,6.8,7.1
1093,0.0,9.8,9.5,9.2,8.5,8.5,9.2,6.8,8.8
1094,0.0,8.5,7.2,6.8,6.5,7.5,8.2,6.8,5.9
1095,0.5,8.5,7.2,8.0,6.8,7.5,8.2,4.1,6.8
1096,0.0,9.5,9.8,9.9,8.5,9.5,8.8,6.5,9.0
1097,0.0,9.5,8.8,8.2,6.5,8.5,9.2,6.8,8.0
1099,,,,,,8.5,9.2,4.1,7.8
1100,0.0,8.5,9.0,8.0,4.5,8.5,9.2,6.8,7.1
1101,0.0,9.5,8.8,8.2,7.5,7.5,8.2,4.5,8.8
1102,0.0,8.5,7.8,8.2,6.5,7.5,8.2,4.1,6.8
1103,4.5,9.5,8.8,9.2,6.5,8.5,9.2,7.8,8.8
1104,0.0,9.5,9.0,8.5,8.0,8.5,9.2,6.8,8.0
1105,0.0,9.5,8.2,8.5,7.8,8.5,7.2,4.1,6.8
1106,0.0,9.5,8.2,9.0,9.8,8.5,9.2,6.8,7.1
1107,2.5,9.5,8.8,9.2,7.5,8.5,9.2,6.8,8.0
1108,,,,,,8.5,8.2,6.8,8.8
1109,0.0,8.5,7.8,8.2,6.5,7.5,8.2,4.1,6.8
1110,0.0,9.5,8.2,7.5,6.8,8.5,7.2,4.1,6.8
1111,4.5,9.5,8.2,8.8,9.8,7.5,6.2,4.1,5.8
1112,0.0,9.5,8.8,9.2,7.5,8.5,9.2,4.8,8.0
1113,0.0,9.5,8.8,9.2,8.5,8.5,7.2,4.8,8.0
1114,8.5,9.8,9.5,9.2,7.8,8.5,9.2,6.8,8.0
1115,4.5,9.5,9.0,8.5,6.0,8.5,9.2,6.8,8.8
1116,,,,,,8.5,9.2,6.8,8.0
1117,0.0,8.5,7.8,6.2,8.0,7.5,6.2,4.1,8.0
1118,0.0,9.5,9.8,9.2,8.5,9.5,9.0,4.5,8.5
1119,0.0,8.5,7.8,8.2,9.0,8.5,7.2,4.1,6.8
1120,0.0,9.5,8.8,9.2,6.5,8.5,9.2,4.1,8.8
1121,2.5,9.5,8.8,9.0,8.2,8.5,9.2,6.8,8.0
1122,0.0,9.5,8.8,8.2,7.5,8.5,7.2,4.8,6.8
1123,0.0,8.5,7.2,6.8,9.0,8.5,9.2,4.1,7.8
1124,8.5,9.8,9.5,9.2,8.0,8.5,9.2,4.8,7.1
1125,0.0,9.5,8.2,8.5,9.8,8.5,7.2,4.1,6.8
1126,0.0,9.5,8.8,9.2,8.5,8.5,8.2,6.8,7.5
1127,0.0,9.5,9.2,9.8,6.5,8.5,9.2,4.1,8.8
1128,0.0,9.5,8.8,8.2,7.5,8.5,9.2,4.8,7.1
1129,0.0,9.5,8.8,9.2,7.5,8.5,7.2,4.8,6.8
1130,0.0,8.5,7.2,8.8,6.5,7.5,8.2,6.8,6.5
1131,0.0,8.5,6.8,4.2,7.1,7.5,8.2,2.5,6.8
1132,0.0,9.5,9.8,9.9,8.5,9.5,8.8,4.2,8.5
1133,0.0,9.5,8.8,9.2,7.5,8.5,9.2,7.8,8.0
1134,8.5,9.8,9.5,9.2,8.8,8.5,9.2,6.8,8.8
1135,2.5,9.8,8.5,8.2,7.1,8.5,9.2,6.8,7.1
1136,0.0,8.5,7.8,6.2,4.5,7.5,8.2,4.1,6.8
1137,0.0,9.5,8.8,7.2,4.5,8.5,7.2,4.1,6.8
1138,0.0,9.5,8.8,9.2,7.5,8.5,9.2,7.8,8.0
1139,0.0,8.5,7.2,6.8,8.0,7.5,8.2,6.8,8.5
1140,0.0,9.5,9.0,9.2,8.0,8.5,9.2,6.8,8.0
1141,0.0,9.5,8.8,8.2,4.5,8.5,7.2,4.1,6.8
1142,0.0,9.5,8.8,9.2,7.5,8.5,9.2,4.1,7.8
1143,4.5,9.8,9.5,8.2,7.1,8.5,9.2,4.1,7.8
1144,0.0,9.5,9.0,8.5,8.0,8.5,9.2,4.1,7.8
1145,4.5,9.5,8.8,9.2,7.5,8.5,7.2,4.1,6.8
1146,0.0,9.5,8.8,8.2,7.5,8.5,9.2,4.1,7.8
1148,0.0,9.5,8.8,8.5,7.2,8.5,8.2,7.8,8.0
1149,0.0,9.5,8.2,8.5,9.8,8.5,7.2,4.1,6.8
1151,2.5,9.5,8.8,8.2,9.8,8.5,9.2,6.8,8.0
1152,0.0,9.5,8.8,8.5,7.2,8.5,9.0,4.2,7.8
1154,0.0,9.5,8.8,9.2,9.0,8.5,9.2,4.1,8.8
1155,0.0,9.5,9.8,9.9,9.2,9.5,8.8,6.5,8.2
1156,0.0,6.5,4.2,5.1,3.8,2.5,4.2,3.8,5.1
1157,0.0,9.5,8.8,9.2,6.5,8.5,7.2,4.1,8.8
1158,0.0,8.5,6.8,4.2,3.5,4.5,4.2,3.8,3.5
1160,0.0,8.5,6.8,7.2,9.0,7.5,6.2,4.8,5.5
1161,2.5,9.8,9.5,9.2,8.5,8.5,9.2,6.8,8.0
1162,0.0,8.5,6.8,7.2,9.5,7.5,8.2,4.1,6.8
1163,0.0,8.5,7.8,8.2,9.0,7.5,8.2,4.1,6.8
1164,0.0,9.5,8.2,7.5,6.8,8.5,9.2,4.1,7.8
1165,0.0,8.5,7.2,6.8,6.5,7.5,8.2,4.1,6.8
1166,0.0,9.5,9.8,9.9,6.5,9.5,9.8,7.2,8.5
1167,0.0,9.5,8.8,9.2,8.5,8.5,8.2,4.1,7.8
1168,,,,,,8.5,9.2,4.1,7.8
1169,0.0,9.5,9.8,9.2,8.5,8.5,9.0,4.2,8.0
1170,2.5,8.8,7.2,8.5,9.0,7.5,8.2,6.8,8.5
1171,2.5,9.5,8.8,8.2,7.0,8.5,9.2,4.1,7.8
1172,4.5,9.5,8.2,9.0,7.8,8.5,9.2,4.1,8.8
1173,4.5,9.5,8.8,8.2,7.5,8.5,8.2,4.1,7.8
1174,0.0,9.5,8.8,9.2,8.5,8.5,9.2,7.8,8.8
1175,4.5,9.8,9.2,8.5,9.5,8.5,9.2,6.8,8.0
1176,0.0,9.5,8.8,9.2,8.5,8.5,9.2,7.8,8.8
1177,0.0,8.5,7.8,9.2,6.5,8.5,7.2,4.1,8.8
1178,7.5,9.5,8.2,8.5,6.8,7.5,8.2,4.1,6.8
1179,0.0,9.5,8.8,8.2,9.0,8.5,9.2,4.1,7.8
1180,0.0,9.5,9.0,8.5,6.0,8.5,9.2,4.1,8.8
1181,0.0,9.5,9.0,8.5,8.0,8.5,9.2,4.1,8.8
1182,0.0,9.5,8.8,8.2,9.8,8.5,9.2,4.1,7.8
1183,8.5,9.5,8.2,7.8,6.5,7.5,8.2,4.1,6.8
1184,0.0,8.5,7.8,8.2,6.5,7.5,8.2,4.1,6.8
1185,0.0,8.5,7.8,6.2,4.1,4.5,6.8,2.1,5.9
1186,0.0,8.5,7.8,6.5,9.0,7.5,6.2,4.1,5.8
1187,0.0,8.5,7.2,6.8,4.1,8.5,7.2,4.1,8.8
1188,0.0,8.5,7.2,8.0,6.5,4.5,6.8,3.2,7.1
1189,0.5,8.2,6.8,7.5,8.5,7.5,8.2,4.1,6.8
1190,0.0,9.5,8.8,8.2,4.5,8.5,9.2,4.1,7.8
1191,0.0,9.5,8.2,8.5,6.8,8.5,9.2,4.1,7.8
1192,0.0,8.5,7.8,6.5,8.0,7.5,6.2,4.1,5.8
1193,0.0,9.5,8.2,7.8,9.0,8.5,7.2,4.1,6.8
1194,0.0,9.5,9.0,8.5,6.0,8.5,9.2,4.1,8.8
1195,,,,,,8.5,7.2,4.1,6.8
1196,0.0,8.5,7.2,8.8,6.5,4.5,7.2,2.8,6.5
1197,0.0,9.8,8.5,9.2,7.8,8.5,9.2,2.1,8.8
1198,0.0,9.5,8.8,9.2,6.5,8.5,9.2,6.8,8.0
1200,0.0,9.5,8.8,8.2,6.5,8.5,7.2,6.8,8.0
1201,0.0,9.5,8.8,7.2,6.5,8.5,9.2,4.1,7.8
1203,8.5,9.8,9.2,9.5,9.0,8.5,9.2,4.1,8.8
1205,0.0,9.5,8.8,8.2,7.5,8.5,9.2,6.8,8.0
1206,2.5,9.5,8.2,8.8,9.0,8.5,9.2,4.1,8.8
1207,0.0,9.5,8.8,9.2,8.5,8.5,9.2,6.8,8.0
1208,0.0,9.5,8.8,8.2,9.0,8.5,9.2,4.1,7.8
1209,4.5,8.2,6.8,7.5,9.0,7.5,6.2,4.1,5.8
1210,0.0,8.5,7.8,6.2,8.0,7.5,8.2,4.5,6.8
1211,0.0,9.5,9.8,9.9,8.5,9.5,9.0,7.8,9.8
1212,2.5,8.5,6.8,7.2,9.0,8.5,7.2,4.1,6.8
1214,0.0,9.5,9.8,9.9,8.5,8.5,9.0,2.0,8.0
1215,0.0,9.5,8.8,8.2,9.0,7.5,8.2,4.1,8.8
1216,0.0,8.5,7.8,8.2,6.5,7.5,8.2,4.1,6.8
1217,0.0,9.5,8.8,8.5,7.2,8.5,9.2,4.1,7.8
1218,0.0,9.5,9.8,9.9,8.5,9.5,8.2,4.1,8.8
1219,0.0,9.5,9.8,9.2,6.5,8.5,9.0,6.8,8.0
1220,0.0,9.8,9.5,9.9,8.5,9.5,8.8,7.2,9.0
1221,0.0,8.5,7.2,6.8,8.0,4.5,7.2,2.8,6.5
1222,,,,,,9.5,8.8,7.2,8.5
1223,0.0,9.5,8.2,7.8,8.5,7.5,8.2,4.1,6.8
1224,8.5,9.5,6.8,7.2,8.0,7.5,6.2,6.8,5.5
1225,0.0,9.8,9.5,9.2,8.5,9.5,9.8,6.5,8.2
1226,0.0,8.5,7.8,6.2,4.5,7.5,8.2,4.1,6.8
1227,0.0,9.5,8.8,8.2,7.5,8.5,7.2,4.1,6.8
1228,,,,,,8.5,9.2,6.8,8.0
1229,0.0,9.5,8.8,9.2,8.5,8.5,9.2,6.8,8.0
1230,0.0,9.5,8.8,9.2,8.5,8.5,9.2,7.8,8.0
1231,6.5,8.8,7.2,8.5,8.0,8.5,7.2,4.8,6.8
1232,0.0,8.5,7.8,6.2,9.0,8.5,7.2,4.1,6.8
1233,0.0,9.5,8.8,9.2,7.5,8.5,9.2,4.1,8.8
1234,,,,,,9.5,8.8,7.2,8.5
1235,,,,,,8.5,9.2,6.8,8.0
1236,0.0,8.5,7.8,6.2,6.5,7.5,8.2,6.8,5.5
1237,,,,,,9.5,9.0,6.5,8.5
1238,0.0,8.5,6.8,7.2,8.0,7.5,8.2,4.1,6.8
1239,0.0,8.5,7.2,6.8,4.1,4.5,7.2,3.8,6.8
1240,4.5,9.8,9.5,9.2,8.8,8.5,9.2,7.8,8.8
1241,0.0,9.5,9.8,9.2,9.8,8.5,7.2,4.1,6.8
1242,0.0,8.5,7.2,6.8,4.5,4.5,6.8,2.1,7.9
1243,0.0,9.5,8.8,8.5,6.0,8.5,7.2,4.1,8.8
1244,0.0,9.5,9.0,8.5,6.0,8.5,9.2,6.8,8.0
1245,0.0,8.5,8.0,7.5,6.0,7.5,8.2,4.1,6.8
1246,0.0,9.5,8.8,9.2,7.5,8.5,9.2,7.8,8.8
1247,0.0,8.5,7.8,8.2,6.5,8.5,9.2,6.8,7.1
1248,0.0,8.5,7.8,9.2,6.5,8.5,7.2,4.1,8.8
1249,8.5,9.8,9.5,9.2,8.8,9.5,9.8,6.5,8.2
1251,0.0,9.5,8.8,8.2,9.0,8.5,7.2,4.1,6.8
1252,0.5,8.5,7.2,6.8,6.5,7.5,8.2,6.8,8.5
1253,0.0,8.5,7.2,6.8,4.5,7.5,8.2,4.1,6.8
1254,0.0,9.5,8.8,9.2,6.5,8.5,9.2,4.1,8.8
1255,0.0,9.5,8.2,7.5,6.8,7.5,8.2,4.1,6.8
1256,2.5,9.8,9.5,9.2,8.8,8.5,9.2,6.8,8.0
1257,4.5,8.8,8.2,7.5,6.8,7.5,8.2,4.1,6.8
1258,0.0,8.5,7.2,6.8,8.0,7.5,8.2,4.1,6.8
1259,0.0,9.8,9.5,9.2,8.5,9.5,9.8,7.2,8.5
1260,0.0,9.5,8.8,9.2,7.5,8.5,9.2,4.1,8.8
1261,0.0,9.5,8.8,9.2,6.5,8.5,9.2,6.8,8.0
1262,0.0,9.5,8.2,8.5,9.0,8.5,9.2,6.8,7.1
1263,0.0,9.5,8.2,8.5,6.8,8.5,9.2,4.1,6.8
1264,0.0,9.5,8.8,9.2,7.5,8.5,9.2,7.8,8.0
1265,7.5,9.8,8.2,8.5,9.0,8.5,9.2,4.1,6.8
1266,,,,,,8.5,9.2,6.8,8.8
1267,2.5,9.5,8.8,8.2,6.5,8.5,9.2,4.8,8.8
1268,8.5,9.8,9.5,9.2,8.8,8.5,9.2,6.8,8.8
1269,0.0,9.5,8.8,9.2,6.5,8.5,9.2,4.1,8.8
1270,8.5,9.8,9.5,9.2,7.8,9.5,8.2,7.8,8.5
1271,2.5,9.5,8.2,7.8,9.0,8.5,7.2,4.8,6.8
1272,0.0,8.5,7.8,8.2,4.5,4.5,7.2,6.8,8.1
1273,2.5,8.8,7.2,8.5,6.8,8.5,7.2,4.1,6.8
1274,0.0,9.5,8.8,9.2,6.5,8.5,9.2,4.1,8.8
1275,0.0,9.5,8.2,7.5,6.8,4.5,8.2,2.1,6.8
1276,0.0,8.5,6.8,7.2,8.0,7.5,8.2,4.1,6.8
1277,0.0,9.5,8.8,9.2,8.0,8.5,9.0,4.2,8.0
1278,7.5,9.5,8.8,8.2,6.8,7.5,6.2,4.8,8.1
1279,,,,,,9.5,8.8,6.5,8.2
1280,0.0,8.5,7.8,6.2,8.0,7.5,8.2,4.1,6.8
1281,0.0,9.5,9.8,9.9,8.5,9.5,8.8,6.5,9.0
1282,0.0,9.5,9.8,9.9,8.5,8.5,9.2,4.1,9.8
1283,0.0,9.5,8.2,7.5,6.8,8.5,9.2,4.1,7.8
1284,0.0,9.5,8.8,8.2,6.5,8.5,9.2,4.1,7.8
1285,0.0,9.5,9.0,9.2,6.5,8.5,9.2,6.8,8.0
1286,0.0,8.5,7.8,8.2,6.5,8.5,7.2,4.1,6.8
1287,0.0,9.8,9.5,9.9,9.2,9.5,9.8,6.5,8.2
1288,0.0,9.5,8.2,8.5,7.8,8.5,9.2,6.8,7.1
1289,0.0,8.5,6.8,7.2,9.0,7.5,8.2,4.1,6.8
1290,0.0,8.5,7.2,6.8,8.0,7.5,8.2,4.5,6.8
1291,0.0,9.5,8.8,9.2,7.5,8.5,9.2,7.8,8.8
1292,0.0,8.5,7.8,6.5,4.2,8.5,7.2,6.8,8.0
1293,8.5,9.8,9.2,9.5,8.8,8.5,9.2,7.8,8.0
1294,0.0,9.5,8.8,8.2,6.5,8.5,9.2,6.8,7.1
1295,0.0,9.5,8.8,9.2,7.5,8.5,9.2,6.8,8.0
1296,0.0,9.5,8.8,9.2,6.5,8.5,9.2,4.1,8.8
1297,0.0,8.5,6.8,7.2,8.0,8.5,7.2,4.8,6.8
1299,0.0,9.5,8.8,9.2,7.5,8.5,9.2,6.8,7.1
1300,2.5,9.8,9.5,9.2,8.5,9.5,9.8,8.2,9.0
1301,0.0,9.5,8.8,9.2,6.5,8.5,9.2,7.8,8.0
1302,0.0,9.5,9.0,9.2,8.5,8.5,9.2,6.8,8.0
1303,0.0,8.5,7.8,6.5,6.2,4.5,6.8,2.5,5.8
1304,0.0,9.5,9.0,9.2,8.5,8.5,9.2,4.1,8.8
1305,0.0,8.5,6.8,7.2,5.5,7.5,8.2,4.1,6.8
1306,0.0,9.5,8.8,9.2,8.5,8.5,8.2,6.8,8.8
1307,0.0,9.5,8.8,9.2,8.5,8.5,9.2,7.8,8.0
1308,0.0,9.5,8.8,9.2,7.5,8.5,9.2,6.8,7.1
1309,0.0,9.5,9.8,9.2,9.0,8.5,9.2,6.8,8.0
1310,0.0,9.5,8.8,9.2,7.5,8.5,9.2,4.1,7.8
1311,0.0,8.5,7.8,6.2,8.0,7.5,8.2,2.5,6.8
1312,0.0,9.5,8.2,7.5,6.8,8.5,9.2,2.8,7.1
1313,0.0,9.5,8.8,9.2,7.5,8.5,7.2,4.1,6.8
1314,0.0,9.5,8.2,7.8,9.0,8.5,8.2,4.1,6.8
1315,2.5,9.8,9.5,9.9,8.2,9.5,9.8,8.2,9.0
1316,0.0,8.5,6.8,4.2,7.1,4.5,7.2,3.8,6.1
1317,0.0,9.5,9.8,9.2,8.5,9.5,8.8,7.2,8.5
1318,0.0,8.5,7.2,8.0,9.0,8.5,7.2,4.1,6.8
1319,0.0,9.5,9.8,9.2,6.5,9.5,9.0,8.0,8.5
1320,8.5,9.5,8.8,7.2,9.0,8.5,9.2,4.1,8.8
1321,0.0,8.5,7.8,6.2,4.5,7.5,8.2,4.1,6.8
1322,0.0,7.5,6.8,7.2,4.5,4.5,6.8,3.2,5.1
1323,0.0,9.5,8.2,8.5,7.8,7.5,8.8,6.5,8.2
1324,6.5,9.5,8.2,8.8,7.1,7.5,8.2,4.1,6.8
1325,8.5,9.8,9.5,9.2,9.0,8.5,9.2,6.8,8.8
1326,0.0,9.5,8.8,9.2,7.5,8.5,9.2,4.1,8.8
1327,0.0,8.5,7.8,8.2,6.5,8.5,9.2,4.1,8.8
1328,4.5,8.2,7.8,8.5,3.1,7.5,8.2,4.1,6.8
1329,2.5,9.8,9.5,9.2,8.0,8.5,9.2,4.1,8.8
1330,0.0,8.5,7.2,6.8,4.1,7.5,8.2,6.8,5.5
1331,0.0,9.5,9.0,9.2,2.5,8.5,9.2,4.1,7.8
1333,0.0,8.5,7.8,6.2,4.1,8.5,7.2,4.1,6.8
1335,0.0,8.5,7.2,6.8,9.0,8.5,7.2,4.1,6.8
1337,4.5,8.2,6.8,7.5,5.1,4.5,7.2,3.8,6.8
1338,0.0,9.5,8.2,7.8,6.5,8.5,7.2,4.8,6.8
1339,0.0,9.5,9.8,9.2,8.5,8.5,9.2,4.1,8.8
1340,0.0,8.5,7.8,8.2,6.5,7.5,6.2,4.1,5.8
1341,0.0,9.5,8.8,9.2,7.5,8.5,7.2,4.8,6.8
1342,4.5,9.5,8.2,8.5,9.0,8.5,9.2,4.1,7.8
1343,0.5,8.5,7.2,6.8,8.0,7.5,8.2,4.1,6.8
1344,,,,,,9.5,8.8,7.2,8.5
1345,0.0,9.5,8.8,9.2,6.5,7.5,8.2,4.1,6.8
1346,0.0,9.5,8.8,8.2,7.5,8.5,9.2,4.1,8.8
1347,0.0,9.5,8.2,8.5,9.8,8.5,9.2,4.1,8.8
1348,0.0,9.5,8.8,9.2,8.5,8.5,9.2,6.8,7.1
1349,0.0,8.5,7.2,6.8,6.5,8.5,7.2,4.1,6.8
1350,0.0,9.5,8.8,8.5,6.0,8.5,9.2,4.1,8.8
1351,0.0,9.5,8.8,9.2,7.5,8.5,9.2,6.8,8.0
1352,0.0,8.5,7.2,6.8,4.5,4.5,6.8,2.5,5.8
1353,8.5,9.5,8.8,9.2,7.0,8.5,9.2,4.1,7.8
1354,0.0,8.5,7.8,6.2,4.5,8.5,7.2,6.8,8.0
1355,0.0,8.5,7.2,6.8,4.1,4.5,7.2,2.8,6.5
1356,0.0,8.5,7.2,8.0,8.8,4.5,6.8,7.2,8.1
1357,0.0,8.5,6.8,4.2,2.5,4.5,8.2,2.8,6.1
1358,4.5,9.5,8.2,7.8,6.5,7.5,8.2,4.1,6.8
1359,0.0,9.5,8.2,8.5,6.8,7.5,8.2,4.1,8.8
1360,2.5,9.5,8.8,9.2,7.5,8.5,9.2,6.8,8.0
1361,0.0,9.8,8.5,9.2,7.1,8.5,9.2,4.1,6.8
1362,0.0,9.5,8.8,8.2,9.0,8.5,9.2,4.1,7.8
1363,0.0,8.5,7.8,8.2,6.5,7.5,6.2,4.1,5.8
1364,8.5,9.5,8.8,9.2,7.0,7.5,8.2,4.1,6.8
1365,,,,,,9.5,9.8,7.2,8.5
1366,0.0,9.5,8.2,7.8,9.0,8.5,9.2,4.1,7.8
1367,8.5,9.5,8.0,7.5,9.0,7.5,8.2,4.1,6.8
1368,8.5,9.8,7.2,9.0,8.0,8.5,9.2,4.1,6.8
1369,0.0,9.5,8.8,9.2,7.5,8.5,9.2,4.8,7.1
1370,0.0,9.5,9.0,9.2,8.5,8.5,9.2,4.8,8.8
1371,0.0,9.5,8.8,9.2,7.5,8.5,9.2,4.8,7.1
1372,0.0,9.5,8.2,8.5,7.8,8.5,9.2,4.1,6.8
1373,0.0,8.5,7.8,8.2,6.5,7.5,8.2,4.1,6.8
1374,0.0,9.5,8.8,8.2,6.5,8.5,7.2,4.1,8.8
1375,0.0,9.5,9.8,9.2,8.5,8.5,9.2,6.8,8.0
1376,0.0,9.8,9.5,9.2,8.5,8.5,9.2,4.1,8.8
1377,0.0,9.5,8.8,9.2,8.5,8.5,9.2,6.8,7.5
1378,0.0,9.5,8.8,9.2,6.5,8.5,8.2,4.1,7.8
1379,0.0,9.5,8.8,8.2,7.5,8.5,9.2,6.8,8.0
1380,0.0,9.5,8.8,9.2,7.5,8.5,9.2,6.8,8.0
1381,8.5,9.8,9.2,9.5,9.0,8.5,9.2,4.1,8.8
1382,0.0,9.5,8.2,7.8,6.5,7.5,8.2,4.1,6.8
1383,0.0,9.5,9.0,8.5,8.0,8.5,7.2,4.1,6.8
1384,0.0,8.5,7.2,6.5,4.8,4.5,6.8,2.5,3.8
1385,8.5,9.8,9.5,9.2,8.0,8.5,7.2,6.8,8.0
1386,0.5,9.8,9.5,9.2,8.5,8.5,9.2,2.1,8.8
1387,0.0,9.5,8.8,9.2,8.5,8.5,9.2,6.8,8.0
1388,0.0,9.5,8.8,9.2,7.5,8.5,9.2,6.8,7.1
1389,0.0,9.5,9.0,8.5,6.5,8.5,9.2,4.8,7.1
1390,0.0,9.5,8.8,9.2,8.5,8.5,9.2,6.8,7.1
1391,0.0,9.5,9.0,8.5,4.0,8.5,9.2,4.1,8.8
1392,0.0,9.5,8.8,9.2,8.5,8.5,9.2,4.1,7.8
1393,0.0,9.5,8.2,7.8,9.0,8.5,9.2,4.1,7.8
1394,0.0,8.5,7.2,6.8,4.5,7.5,8.2,4.1,6.8
1395,0.0,6.5,4.2,3.5,2.8,2.5,1.8,1.2,1.5
1396,0.0,8.5,2.5,6.8,7.2,4.5,7.2,2.8,1.9
1397,0.0,8.5,7.8,8.2,6.5,7.5,8.2,4.1,6.8
1398,0.0,9.5,8.8,9.2,8.5,8.5,8.2,4.8,7.1
1399,0.0,9.5,8.8,8.2,6.5,8.5,7.2,4.8,6.8
1400,0.0,9.5,9.0,9.2,8.5,8.5,9.2,6.8,8.0
1401,0.0,8.5,6.8,7.2,4.9,8.5,7.2,4.1,6.8
1402,0.0,9.5,8.8,9.2,7.5,8.5,9.2,7.8,8.8
1403,0.0,9.8,9.5,9.2,8.5,9.5,9.0,6.8,8.5
1404,0.0,6.5,4.8,4.2,7.5,2.5,2.1,4.2,1.8
1405,4.5,9.5,8.2,8.8,6.1,8.5,9.2,7.8,6.8
1406,0.0,9.5,8.8,8.5,6.0,7.5,8.2,4.1,6.8
1407,0.0,9.5,8.8,9.2,7.5,8.5,9.2,4.1,8.8
1408,,,,,,8.5,7.2,4.8,6.8
1409,0.0,9.5,8.2,8.8,6.5,8.5,9.2,4.1,6.8
1410,0.0,8.5,7.8,6.9,9.2,7.5,8.2,4.1,6.8
1411,0.0,9.5,7.8,8.2,9.0,8.5,9.2,4.1,7.8
1412,0.0,9.5,8.8,8.2,6.5,8.5,7.2,4.8,6.8
1413,0.0,8.5,7.8,6.2,4.1,7.5,6.2,4.1,5.8
1414,0.0,9.5,8.2,8.5,9.0,8.5,9.2,4.1,7.8
1415,0.0,9.5,8.8,9.2,6.5,8.5,9.2,6.8,8.0
1416,0.0,8.5,8.0,7.5,6.5,7.5,8.2,4.1,6.8
1417,0.0,9.5,9.0,8.5,6.0,8.5,9.2,4.1,7.8
1418,0.0,9.5,8.8,9.2,9.8,8.5,9.2,4.1,8.8
1419,4.5,9.5,8.8,9.2,7.5,8.5,9.2,6.8,8.0
1420,0.0,9.5,8.8,9.2,8.5,8.5,9.2,6.8,8.0
1421,0.0,9.5,9.8,9.2,9.0,8.5,9.2,6.8,8.0
1422,0.0,9.5,8.8,9.2,4.5,8.5,8.2,4.1,7.8
1423,4.5,9.8,9.5,9.2,9.0,9.5,9.8,6.5,8.2
1424,0.0,9.5,8.2,7.8,6.5,7.5,8.2,4.1,6.8
1425,0.0,9.5,7.8,8.2,9.8,8.5,9.2,4.1,8.8
1426,0.0,8.5,7.8,8.2,6.5,7.5,8.2,4.1,6.8
1427,0.0,9.5,8.2,8.5,9.0,8.5,8.2,4.1,7.8
1428,0.5,8.5,7.8,6.2,8.0,4.5,6.8,3.2,5.1
1430,0.0,9.5,9.8,9.2,8.5,8.5,9.2,7.8,8.8
1432,,,,,,9.5,8.8,7.2,9.0
1433,0.0,9.8,9.5,9.2,8.5,8.5,9.2,4.1,8.8
1434,0.0,9.5,8.8,9.2,6.5,8.5,9.2,4.1,7.8
1435,0.0,9.5,8.8,8.2,6.5,8.5,9.2,6.8,8.0
1436,,,,,,8.5,9.2,7.8,8.0
1437,0.0,8.5,7.8,6.2,4.1,4.5,2.8,1.5,1.8
1438,8.5,9.8,9.2,8.8,9.5,8.5,9.2,7.8,6.8
1439,0.0,8.5,6.8,7.2,4.5,7.5,8.2,4.1,6.8
1440,2.5,9.5,8.8,7.2,6.5,8.5,9.2,4.1,6.8
1441,0.0,8.5,7.2,6.8,9.0,4.5,7.2,2.8,6.1
1442,0.0,9.5,8.2,7.5,6.8,8.5,9.2,4.8,7.1
1443,,,,,,8.5,7.2,4.1,8.8
1444,0.0,8.5,9.0,9.5,6.0,8.5,7.2,4.1,8.8
1446,,,,,,8.5,9.2,6.8,7.1
1447,,,,,,8.5,9.2,4.1,7.8
1448,0.0,8.5,8.0,7.5,7.0,4.5,2.8,3.2,1.8
1449,0.0,9.5,8.8,9.2,8.5,7.5,8.2,6.8,8.5
1450,,,,,,8.5,7.2,4.1,6.8
1451,0.0,9.8,9.5,9.2,8.5,9.5,9.8,6.5,8.2
1452,0.0,9.8,9.5,9.9,2.5,9.5,8.8,4.2,8.5
1453,8.5,9.8,9.5,9.2,8.0,8.5,9.2,4.8,8.0
1454,0.0,9.5,9.0,8.5,7.0,8.5,9.2,4.1,7.8
1455,0.0,9.5,8.8,9.2,9.0,8.5,9.2,4.1,7.8
1456,0.0,9.5,8.2,8.5,7.8,7.5,8.2,4.1,8.8
1457,0.0,9.5,8.2,8.5,6.8,8.5,9.2,7.8,6.5
1458,0.0,9.5,8.2,8.5,7.8,8.5,9.2,4.1,6.8
1459,0.0,8.5,4.2,6.1,7.8,4.5,2.8,3.5,1.8
1460,0.0,9.5,8.8,9.2,8.5,8.5,7.2,6.8,8.0
1461,0.0,9.5,8.2,9.0,8.5,7.5,8.2,4.1,6.8
1462,0.0,9.5,9.2,9.8,6.5,8.5,9.2,6.8,8.8
1463,2.5,9.5,8.8,9.2,7.5,8.5,9.2,6.8,8.0
1464,0.0,8.5,7.8,4.2,6.5,4.5,7.2,2.8,6.5
1465,0.0,9.5,9.8,9.2,8.5,8.5,9.2,4.1,7.8
1466,0.0,8.5,7.8,6.2,8.0,7.5,8.2,4.1,6.8
1467,2.5,9.5,8.8,9.2,8.0,8.5,9.2,4.1,8.8
1468,0.0,9.5,8.2,8.8,6.5,8.5,9.2,4.1,7.8
1469,0.0,6.5,4.2,3.8,5.1,2.5,8.2,4.1,7.8
1470,0.0,9.5,9.8,9.2,6.5,8.5,9.2,4.1,8.8
1471,6.5,9.5,8.8,7.2,8.0,7.5,6.2,4.8,5.5
1472,2.5,9.5,8.8,9.2,7.0,8.5,9.2,6.8,8.0
1473,0.0,9.5,8.8,9.2,8.5,8.5,7.2,4.8,6.8
1474,0.0,9.5,8.8,8.5,9.0,8.5,9.2,4.1,7.8
1475,0.0,9.5,8.2,8.5,7.8,7.5,8.2,4.1,6.8
1476,0.0,9.5,8.2,8.5,9.8,8.5,9.2,4.1,7.8
1477,0.0,9.5,8.2,7.5,8.8,7.5,8.2,4.1,6.8
1478,0.0,9.5,8.2,8.5,7.8,8.5,9.2,7.8,8.0
1479,0.0,9.5,8.8,9.2,6.5,8.5,7.2,4.8,6.8
1480,0.0,8.5,7.8,4.2,6.1,4.5,7.2,2.8,6.1
1481,0.0,9.5,8.2,8.5,6.8,7.5,8.2,4.1,6.8
1482,0.0,9.5,8.2,7.5,9.0,8.5,9.2,4.1,7.8
1484,0.0,8.5,7.8,8.2,6.5,7.5,8.2,4.1,6.8
1485,8.5,9.8,9.5,9.2,9.0,8.5,9.2,4.1,7.8
1486,0.0,8.5,7.8,6.2,6.5,8.5,7.2,4.1,6.8
1487,0.0,9.5,8.2,8.5,7.8,8.5,7.2,6.8,8.0
1488,4.5,8.8,6.2,7.5,5.1,2.5,1.8,4.2,1.2
1489,0.0,9.5,8.8,7.2,4.5,8.5,7.2,4.1,6.8
1490,0.0,9.5,8.2,8.5,7.8,8.5,9.2,7.8,8.0
1491,,,,,,9.5,8.8,7.2,8.5
1492,0.0,9.5,9.8,9.9,8.5,8.5,9.2,7.8,8.0
1493,2.5,9.5,8.2,7.8,8.5,8.5,7.2,4.8,6.8
1494,0.0,9.5,8.8,9.2,8.5,8.5,9.2,4.1,7.8
1495,2.5,8.5,7.8,8.2,6.1,7.5,8.2,4.1,6.8
1496,0.0,8.5,4.2,6.1,9.0,7.5,8.2,2.5,6.8
1497,0.0,9.5,8.2,7.5,6.8,8.5,7.2,4.1,6.8
1498,0.0,9.5,8.8,9.2,6.5,8.5,9.2,7.8,8.0
1499,0.0,9.5,8.2,8.5,7.8,8.5,9.2,6.8,8.0
1500,2.5,9.5,8.8,8.2,6.5,7.5,8.2,4.1,6.8
1501,0.0,9.5,8.8,8.2,9.0,8.5,9.2,4.1,8.8
1502,0.0,9.5,8.8,9.2,6.5,8.5,7.2,4.1,8.8
1503,0.0,9.5,8.8,8.2,6.5,7.5,8.2,4.1,6.8
1504,0.0,9.5,8.8,9.2,6.5,8.5,7.2,4.8,6.8
1505,0.0,9.5,8.8,7.2,6.5,7.5,8.2,6.8,8.5
1506,7.5,8.2,8.5,8.8,6.8,7.5,6.2,4.1,5.8
1508,0.0,8.5,7.8,8.2,9.0,7.5,8.2,4.1,6.8
1510,4.5,9.5,8.8,7.2,6.1,8.5,7.2,4.1,6.8
1511,0.0,9.5,8.8,8.2,6.5,7.5,8.2,4.1,6.8
1512,0.0,9.5,8.2,7.5,6.8,8.5,9.2,4.1,7.8
1513,2.5,8.5,6.8,7.2,4.1,7.5,8.2,4.1,6.8
1516,0.0,8.5,7.2,6.8,8.0,4.5,6.8,3.2,7.1
1517,0.0,9.5,8.8,9.2,8.5,8.5,9.2,4.1,7.8
1518,0.0,8.5,6.8,7.2,4.1,4.5,8.2,6.8,7.5
1519,,,,,,9.5,9.8,8.2,9.0
1520,0.0,8.5,7.2,6.8,9.0,7.5,8.2,4.1,6.8
1521,0.0,9.5,8.2,8.5,9.0,8.5,8.2,6.8,7.5
1522,0.0,9.5,8.8,9.2,6.5,8.5,9.2,6.8,8.0
1523,0.0,9.5,8.2,9.0,8.5,8.5,9.2,4.1,8.8
1524,0.0,9.8,9.5,9.9,9.2,9.5,9.8,8.2,9.0
1525,0.0,8.5,7.8,6.5,8.0,7.5,6.2,2.8,5.5
1526,0.0,8.5,7.8,8.2,4.5,4.5,6.8,3.2,7.5
1527,2.5,9.5,8.2,8.8,9.8,8.5,9.2,6.8,7.1
1528,0.0,9.5,8.8,9.2,8.5,8.5,7.2,4.1,6.8
1529,0.0,9.5,8.8,8.2,6.5,7.5,8.2,4.1,6.8
1530,0.0,8.5,6.8,7.2,9.0,8.5,7.2,4.1,6.8
1531,0.0,8.5,7.2,6.5,4.8,2.5,2.1,4.2,1.8
1532,6.5,8.8,7.2,6.8,5.5,7.5,8.2,4.1,6.8
1533,0.0,9.5,8.2,8.5,9.0,8.5,9.2,4.1,7.8
1534,0.0,8.5,6.8,7.2,9.0,7.5,8.2,4.1,6.8
1535,0.0,8.5,7.2,8.8,6.5,7.5,8.2,6.8,5.9
1536,0.0,8.5,7.2,6.8,8.0,7.5,8.2,4.1,6.8
1537,0.0,9.5,8.8,9.2,8.5,8.5,9.2,6.8,8.8
1538,,,,,,8.5,9.2,4.1,8.8
1539,4.5,8.8,7.2,8.5,6.8,7.5,8.2,4.1,6.8
1540,0.0,9.5,8.8,9.2,9.0,8.5,9.2,4.1,8.8
1541,0.0,8.5,6.8,7.2,4.5,7.5,8.2,4.1,6.8
1542,0.0,8.5,6.8,7.2,9.0,8.5,7.2,4.8,6.8
1543,0.0,9.5,8.8,9.2,9.0,8.5,9.2,6.8,8.0
1544,8.5,9.5,8.8,9.2,8.0,7.5,8.2,2.5,6.8
1545,0.0,8.5,6.8,7.2,8.0,7.5,8.2,4.1,6.8
1546,0.0,8.5,8.0,7.5,4.5,7.5,8.2,4.1,6.8
1547,0.0,9.5,8.2,8.5,6.8,7.5,8.2,2.5,6.8
1549,6.5,9.5,8.2,7.8,4.1,8.5,9.2,6.8,8.0
1550,0.0,9.8,9.5,9.2,8.5,8.5,9.2,4.1,8.8
1551,0.0,9.5,8.8,8.2,6.5,8.5,7.2,6.8,8.0
1552,0.0,9.5,9.0,9.2,8.5,8.5,9.2,4.1,7.8
1553,4.5,9.8,8.5,9.2,9.0,8.5,9.2,4.8,8.0
1554,0.0,9.5,8.8,9.2,9.8,8.5,7.2,4.8,6.8
1556,0.0,8.5,7.8,6.5,4.2,7.5,8.2,4.1,6.8
1557,0.0,6.5,2.5,3.2,4.8,4.5,6.8,2.1,5.9
1558,0.0,9.5,9.8,9.2,6.5,8.5,9.2,4.1,8.8
1559,0.0,9.5,8.2,9.0,8.8,8.5,7.2,4.1,6.8
1560,0.5,9.5,9.0,9.2,9.8,8.5,9.2,4.1,8.8
1561,4.5,9.8,9.5,9.2,8.1,8.5,9.2,7.8,8.0
1562,0.0,9.5,8.8,9.2,8.5,8.5,7.2,4.1,8.8
1564,0.0,9.5,8.2,7.8,6.5,8.5,9.2,4.1,8.8
1565,2.5,9.8,9.5,9.2,8.8,8.5,9.2,4.1,8.8
1566,0.0,9.5,8.8,9.2,8.5,8.5,9.2,4.1,7.8
1567,0.0,8.5,7.8,6.2,6.5,4.8,7.2,2.5,6.5
1568,2.5,8.5,7.8,8.2,6.5,7.5,8.2,6.8,8.5
1569,0.0,9.5,8.8,8.5,7.2,8.5,9.2,6.8,8.0
1570,0.0,8.5,7.8,6.5,4.2,4.5,7.2,6.8,5.1
1571,0.0,8.5,6.8,7.2,8.0,4.5,7.2,2.8,6.5
1572,0.0,9.5,8.8,8.2,7.5,8.5,9.2,6.8,8.0
1573,0.0,9.5,8.8,9.2,8.5,8.5,9.2,6.8,8.0
1574,0.0,9.5,8.8,9.2,9.0,8.5,9.2,6.8,8.0
1575,0.0,9.5,8.8,9.2,7.5,8.5,9.2,7.8,8.0
1576,0.0,8.5,7.2,6.8,9.0,8.5,7.2,4.1,6.8
1577,4.5,9.5,8.8,9.2,7.5,8.5,9.2,7.8,8.0
1578,2.5,9.5,8.8,8.2,6.5,8.5,7.2,6.8,8.0
1579,0.0,9.5,9.8,9.2,6.5,8.5,9.2,4.1,8.8
1580,2.5,8.5,7.2,8.8,6.1,7.5,8.2,6.8,8.5
1581,0.0,9.5,8.8,9.2,9.8,9.5,9.0,7.8,8.5
1582,0.0,9.5,8.8,9.2,7.5,8.5,9.2,6.8,8.0
1583,,,,,,9.5,9.0,6.5,8.5
1584,0.0,9.5,8.8,8.2,7.5,7.5,8.2,4.1,6.8
1585,0.0,9.5,8.2,9.0,9.8,8.5,9.2,6.8,8.0
1586,0.0,9.5,8.8,8.5,7.2,8.5,9.2,4.8,7.1
1587,0.0,9.5,8.2,8.5,6.8,7.5,8.2,4.1,8.8
1588,0.0,9.5,8.8,9.2,9.0,8.5,9.2,4.1,8.8
1589,0.0,9.5,8.2,8.5,6.8,8.5,9.2,2.1,6.8
1590,0.0,8.5,7.8,6.2,4.1,7.5,8.2,4.1,6.8
1591,0.0,8.5,7.8,8.2,6.5,7.5,8.2,4.1,6.8
1592,8.5,9.8,9.5,9.2,7.8,8.5,9.2,4.1,8.8
1593,0.0,8.5,7.2,6.8,4.1,4.5,6.8,3.2,5.1
1594,0.0,9.5,9.8,9.2,2.5,8.5,9.2,4.1,8.8
1595,0.0,9.5,8.8,9.2,9.0,8.5,7.2,4.1,6.8
1596,0.0,9.5,8.8,9.2,8.5,8.5,9.2,6.8,8.0
1598,0.0,9.5,9.8,9.2,8.5,8.5,9.2,6.8,8.0
1599,0.0,9.5,8.8,8.2,7.5,8.5,9.2,6.8,7.1
1600,0.0,9.5,8.8,9.2,6.5,8.5,9.2,4.1,8.8
1601,0.0,8.5,7.8,6.5,4.2,7.5,8.2,4.1,6.8
1602,0.0,8.5,7.2,6.8,8.0,8.5,7.2,4.8,6.8
1603,,,,,,9.5,8.2,6.8,9.0
1604,0.0,9.5,9.0,9.2,8.5,8.5,9.2,6.8,8.0
1605,0.0,4.5,4.2,2.8,5.1,2.5,2.8,1.5,1.2
1606,0.0,9.5,8.2,8.5,6.8,8.5,9.2,4.1,7.8
1607,0.0,2.5,2.0,1.5,1.8,4.5,2.8,2.5,1.8
1608,8.5,9.8,9.5,9.2,8.0,9.5,9.8,8.2,8.5
1609,,,,,,7.5,8.2,4.1,6.8
1610,6.5,8.2,7.8,6.8,4.1,4.5,2.8,1.5,6.8
1611,0.0,8.5,7.2,6.8,4.1,4.5,8.2,2.8,6.5
1612,0.0,9.5,8.2,8.5,9.8,8.5,9.2,7.8,6.8
1613,8.5,9.8,9.2,9.5,8.8,8.5,8.2,4.1,7.8
1614,0.0,8.5,6.8,7.2,4.5,4.5,7.2,4.8,6.1
1615,0.5,8.5,7.8,8.2,2.1,7.5,8.2,4.1,8.8
1616,0.0,8.5,6.8,7.2,9.5,7.5,8.2,4.1,6.8
1617,0.0,8.5,7.2,8.0,9.5,7.5,8.2,6.8,6.5
1618,0.0,9.5,8.8,8.2,9.0,8.5,7.2,4.1,8.8
1619,8.5,9.5,9.0,9.2,7.8,8.5,7.2,4.1,6.8
1620,4.5,8.2,6.8,7.5,8.8,7.5,8.2,4.1,6.8
1621,0.0,9.5,8.8,9.2,6.5,8.5,7.2,4.1,8.8
1622,0.0,9.5,8.2,7.5,8.8,8.5,9.2,4.1,7.8
1623,0.0,9.5,8.8,9.2,6.5,8.5,9.2,6.8,8.0
1624,0.0,9.5,9.0,9.2,8.5,8.5,9.2,6.8,8.0
1625,,,,,,8.5,9.0,6.8,8.0
1626,0.0,9.5,8.8,9.2,8.5,8.5,9.2,4.8,7.1
1627,0.0,9.8,9.5,9.2,8.5,9.5,8.8,4.2,8.5
1628,0.0,9.8,9.5,9.2,8.5,9.5,9.0,7.8,8.5
1629,0.0,9.5,8.8,9.2,8.5,8.5,9.2,4.1,8.8
1630,0.0,8.5,7.2,6.8,6.5,7.5,8.2,4.1,6.8
1631,0.0,9.8,9.5,9.2,8.5,9.5,9.0,4.2,8.8
1632,0.0,9.5,8.8,8.2,6.5,8.5,9.2,4.1,8.8
1633,0.0,9.5,8.8,9.2,6.5,8.5,9.2,7.8,6.5
1634,2.5,9.5,8.2,7.8,4.1,7.5,8.2,4.1,6.8
1635,0.0,9.5,9.8,9.9,8.5,9.5,8.2,4.1,8.8
1636,0.0,9.5,8.8,9.2,7.5,8.5,9.2,6.8,8.0
1637,0.0,9.8,9.5,9.2,8.5,9.5,9.8,6.5,8.2
1638,0.0,9.5,8.2,7.5,8.8,8.5,9.2,4.1,8.8
1639,,,,,,8.5,9.2,6.8,8.0
1640,0.0,9.5,8.8,9.2,8.5,8.5,9.2,4.1,7.8
1641,0.0,9.5,8.2,7.8,6.5,7.5,8.2,4.1,6.8
1642,0.0,9.5,8.8,9.2,9.0,8.5,9.2,6.8,8.0
1643,0.0,8.5,7.8,8.2,6.5,7.5,8.2,4.1,6.8
1644,0.0,8.5,6.8,7.2,9.5,7.5,8.2,4.1,6.8
1645,0.0,9.5,8.2,9.0,7.5,8.5,7.2,4.1,6.8
1646,0.0,8.5,7.2,6.8,4.1,7.5,8.2,4.5,6.8
1647,0.0,8.5,8.0,7.5,6.0,4.5,7.2,2.8,6.5
1648,2.5,9.5,8.8,9.2,7.0,8.5,9.2,6.8,8.0
1649,2.5,9.8,9.5,9.2,8.8,9.5,8.8,6.5,8.2
1651,0.0,8.5,6.8,7.2,8.0,7.5,8.2,4.1,6.8
1652,0.0,8.5,7.8,6.5,8.0,4.5,2.8,3.2,6.8
1653,0.0,9.5,8.2,9.0,7.5,8.5,9.2,4.8,7.1
1654,0.0,9.5,8.8,8.2,9.0,8.5,9.2,4.8,7.1
1655,4.5,9.5,8.8,8.2,7.5,8.5,9.2,6.8,8.0
1656,0.0,9.5,8.8,9.2,9.8,8.5,7.2,4.1,6.8
1657,0.0,9.5,8.8,8.2,6.5,8.5,9.2,4.1,7.8
1658,0.0,9.5,8.2,8.5,7.8,8.5,9.2,4.1,6.8
1659,0.0,9.5,9.8,9.2,8.5,9.5,9.8,4.2,8.5
1660,0.0,8.5,6.8,7.2,8.0,4.5,7.2,2.8,6.1
1661,0.0,9.5,9.0,9.2,6.5,8.5,9.2,7.8,9.0
1662,0.0,9.5,8.8,9.2,8.5,8.5,7.2,4.1,6.8
1663,8.5,9.8,9.5,9.2,7.8,9.5,8.8,6.5,8.2
1664,0.0,9.5,8.8,9.2,8.5,8.5,7.2,4.8,8.0
1665,0.0,9.5,8.8,8.2,7.5,8.5,9.2,4.1,7.8
1666,0.0,9.5,8.8,9.2,8.5,8.5,8.2,4.1,7.8
1667,2.5,9.8,9.5,9.2,8.8,9.5,9.8,7.2,8.5
1668,0.0,9.5,8.8,8.2,6.5,8.5,9.2,4.1,8.8
1669,0.0,9.5,8.8,8.2,7.5,8.5,9.2,4.1,7.8
1670,0.0,9.5,8.8,9.2,2.5,8.5,7.2,4.1,8.8
1671,4.5,9.5,8.8,8.2,6.5,8.5,9.2,6.8,7.1
1672,0.0,9.5,8.2,8.8,9.0,7.5,8.2,4.1,8.8
1673,0.0,9.5,9.8,9.9,6.5,8.5,9.2,6.8,8.0
1674,0.0,9.5,8.2,8.5,9.0,8.5,9.2,4.1,6.8
1675,0.0,9.5,9.8,9.2,9.0,8.5,9.2,6.8,8.0
1676,0.0,8.5,7.8,8.2,6.5,8.5,7.2,6.8,8.0
1677,2.5,9.8,9.5,8.2,8.5,8.5,9.2,4.1,7.8
1678,0.0,8.5,7.2,8.0,9.0,7.5,8.2,4.1,6.8
1679,0.0,9.5,8.2,8.5,7.8,8.5,7.2,4.1,6.8
1680,2.5,9.5,8.8,8.2,7.0,8.5,9.2,6.8,7.1
1681,0.0,9.5,8.8,7.2,4.5,4.5,6.8,2.5,5.8
1682,0.0,9.5,8.2,8.5,7.8,7.5,8.2,4.1,8.8
1683,,,,,,7.5,6.2,4.8,8.1
1684,0.0,9.5,8.8,9.2,7.5,8.5,9.2,4.1,7.8
1685,0.0,8.5,7.8,8.2,4.5,8.5,9.2,4.8,7.1
1686,0.0,8.5,7.2,6.5,8.8,8.5,9.2,4.1,7.8
1687,,,,,,9.5,9.0,7.8,8.5
1688,0.0,9.5,8.8,9.2,7.5,7.5,8.2,4.1,8.8
1689,8.5,9.8,9.5,9.2,8.8,9.5,9.8,6.5,9.0
1690,2.5,9.5,8.2,7.8,6.1,8.5,9.2,7.8,6.5
1691,,,,,,4.5,7.2,3.1,1.8
1692,4.5,8.8,7.2,6.5,8.1,7.5,8.2,6.8,6.5
1693,0.0,9.5,8.8,8.2,7.5,7.5,8.2,4.1,6.8
1695,0.0,9.5,8.8,9.2,6.5,8.5,9.2,4.1,8.8
1696,0.0,8.5,7.2,6.8,8.0,7.5,6.2,4.1,8.1
1698,0.0,9.5,8.8,9.2,9.0,8.5,9.2,6.8,8.0
1699,0.0,8.5,7.2,6.8,8.0,4.5,7.2,3.8,5.1
1700,0.0,9.5,8.2,9.0,7.5,8.5,9.2,2.1,6.8
1701,0.0,8.5,7.2,8.8,4.1,4.5,7.2,3.9,6.1
1702,0.0,6.5,4.8,7.2,2.5,4.5,7.2,6.8,6.5
1703,0.0,8.5,7.8,6.9,4.2,7.5,8.2,4.1,6.8
1704,0.0,9.5,8.8,8.2,7.5,8.5,9.2,6.8,7.1
1705,0.0,9.8,9.5,9.2,8.5,8.5,9.2,6.8,8.0
1706,0.0,8.5,7.2,6.8,4.1,7.5,8.2,4.1,6.8
1707,0.0,8.5,7.2,6.8,6.5,4.5,7.2,2.8,6.1
1708,,,,,,8.5,9.2,4.1,8.8
1709,2.5,9.8,9.5,9.2,8.5,8.5,9.2,4.1,8.8
1710,0.0,9.5,9.8,9.2,6.5,8.5,9.2,4.1,8.8
1711,0.5,9.5,8.2,7.8,8.5,8.5,9.2,4.1,7.8
1712,0.0,9.5,8.2,9.0,9.8,8.5,7.2,4.1,6.8
1713,0.0,8.5,7.2,6.8,6.5,7.5,8.2,4.1,6.8
1714,2.5,8.5,8.0,7.8,6.5,8.5,7.2,4.1,8.8
1715,0.0,9.5,8.8,9.2,9.0,8.5,9.2,6.8,8.0
1716,4.5,9.5,8.2,8.8,7.5,8.5,9.2,4.1,7.8
1717,2.5,9.8,9.5,9.2,8.5,8.5,9.2,4.1,8.8
1718,8.5,9.8,9.5,9.2,7.8,8.5,9.2,4.1,8.8
1719,0.0,9.5,8.8,8.2,7.5,8.5,9.2,6.8,7.1
1720,4.5,9.5,8.2,9.0,8.8,8.5,7.2,8.8,6.5
1721,2.5,9.5,8.2,9.0,8.8,8.5,9.2,9.0,7.8
1722,0.0,8.5,7.8,8.2,6.5,7.5,6.2,4.1,8.1
1723,0.0,9.8,9.5,9.9,8.2,9.5,9.8,7.2,9.0
1724,0.0,9.5,8.8,9.2,7.5,8.5,9.2,6.8,8.0
1725,0.0,9.5,8.8,9.2,7.5,8.5,7.2,4.8,6.8
1726,0.0,9.5,9.0,8.5,6.0,8.5,9.2,6.8,8.0
1727,2.5,8.8,7.2,9.5,6.8,8.5,7.2,4.1,6.8
1728,0.0,9.5,8.8,7.2,6.5,4.5,8.2,2.8,6.5
1729,0.0,9.5,8.8,7.2,6.5,8.5,7.2,4.1,6.8
1730,4.5,9.5,8.8,9.2,7.1,8.5,9.2,6.8,8.0
1731,2.5,9.5,8.8,9.2,7.0,8.5,9.2,4.1,8.8
1732,0.0,8.5,7.2,8.0,9.0,7.5,8.2,4.1,6.8
1733,0.0,8.5,7.2,8.8,6.5,8.5,9.0,4.2,7.8
1734,0.0,8.5,7.8,8.2,4.5,7.5,8.2,6.8,8.5
1735,0.0,7.5,4.2,6.1,5.8,4.5,2.8,3.2,1.8
1736,2.5,9.5,9.0,9.2,8.0,9.5,8.8,6.5,8.2
1737,0.0,9.5,8.8,9.2,9.0,7.5,8.2,4.1,6.8
1738,2.5,8.5,8.0,7.2,4.8,4.5,7.2,6.8,8.1
1739,0.0,8.5,7.2,6.8,8.0,7.5,6.2,2.8,5.5
1740,0.0,9.5,8.8,9.2,7.5,9.5,8.2,4.1,8.8
1741,0.0,8.5,8.8,7.2,4.5,7.5,8.2,4.1,8.8
1742,2.5,8.8,8.5,8.2,7.0,7.5,8.2,6.8,8.5
1743,2.5,9.5,8.8,9.2,8.5,8.5,7.2,4.8,8.0
1744,0.0,8.5,4.2,3.5,2.8,2.5,4.2,1.8,1.5
1745,0.0,8.5,7.8,8.2,2.5,4.5,7.2,2.8,6.1
1746,0.0,9.5,8.2,9.8,8.5,8.5,9.2,4.1,7.8
1747,2.5,9.5,8.8,9.2,8.0,8.5,9.2,4.1,8.8
1748,0.0,9.5,8.8,9.2,7.5,8.5,9.2,4.1,7.8
1749,4.5,8.8,7.2,8.5,6.8,7.5,8.2,2.5,6.8
1750,0.0,8.5,7.8,6.2,4.1,4.5,7.2,2.8,6.1
1751,4.5,9.5,8.8,7.2,6.5,8.5,7.2,2.8,6.8
1752,0.0,9.5,9.0,8.5,6.0,8.5,7.2,4.8,6.8
1753,0.0,9.5,8.8,9.2,7.5,8.5,9.2,6.8,8.0
1754,,,,,,8.5,9.2,6.8,8.0
1755,0.0,9.5,9.0,8.5,7.0,8.5,9.0,4.2,8.0
1756,0.0,9.5,8.8,8.2,7.5,8.5,9.2,4.8,8.0
1757,8.5,9.8,9.5,9.2,8.0,8.5,9.2,4.1,8.8
1758,0.0,8.5,7.8,6.2,4.1,4.5,2.8,2.5,1.8
1759,0.0,8.5,6.8,4.2,3.5,4.5,6.8,7.2,5.1
1760,0.0,9.5,7.8,8.2,6.5,4.5,6.8,3.2,5.1
1761,0.0,9.5,8.8,9.2,6.5,8.5,9.2,4.1,7.8
1762,8.5,9.8,9.5,9.9,8.0,9.5,8.8,4.2,8.5
1763,0.0,8.5,7.8,8.2,6.5,4.5,2.8,3.2,6.8
1764,0.0,9.5,8.8,9.2,6.5,8.5,9.2,4.1,7.8
1765,0.0,8.5,8.0,7.5,4.5,4.5,7.2,3.8,5.1
1766,0.0,9.5,8.8,9.2,7.5,8.5,9.2,6.8,8.0
1768,0.0,9.5,8.8,7.2,6.5,8.5,9.2,4.1,7.8
1769,0.0,8.5,7.8,6.5,6.2,4.5,6.8,3.2,5.1
1770,4.5,9.8,8.2,9.5,7.8,8.5,9.2,4.1,8.8
1771,0.0,9.5,8.2,8.8,7.5,8.5,9.2,6.8,8.0
1772,8.5,9.8,9.2,9.5,9.0,8.5,7.2,4.8,6.8
1773,2.5,9.5,8.8,8.2,7.5,8.5,9.2,6.8,7.1
1774,0.0,9.5,8.8,9.2,9.0,9.5,8.8,4.2,8.5
1775,0.0,9.5,8.2,8.5,7.8,8.5,9.2,7.8,6.5
1776,,,,,,8.5,7.2,8.8,6.5
1777,0.0,8.5,7.8,6.5,4.2,7.5,8.2,4.1,6.8
1778,0.0,9.5,8.2,8.5,8.8,8.5,8.2,4.1,7.8
1779,0.0,8.5,7.8,8.2,2.5,4.5,7.2,6.8,8.1
1780,0.0,9.5,9.8,9.2,8.5,9.5,8.8,4.2,8.5
1781,0.0,9.5,8.8,8.5,7.2,8.5,7.2,4.1,6.8
1782,2.5,9.5,8.8,8.2,7.1,8.5,9.2,7.8,6.8
1783,0.0,8.5,7.2,6.8,4.1,4.5,6.8,2.5,7.2
1784,0.0,8.5,7.8,6.5,4.2,7.5,8.2,4.1,6.8
1785,0.0,9.8,8.5,9.2,7.8,8.5,9.2,4.1,8.8
1786,0.0,8.5,7.2,6.8,4.1,4.5,7.2,6.8,5.9
1787,0.0,9.5,8.8,8.2,7.5,8.5,9.2,6.8,7.1
1788,0.0,9.5,8.8,9.2,8.0,8.5,7.2,4.8,6.8
1790,,,,,,8.5,9.2,7.8,8.0
1791,0.0,9.5,8.8,9.2,7.5,8.5,7.2,4.8,6.8
1792,0.0,9.5,9.0,8.5,7.0,8.5,7.2,4.1,6.8
1793,0.0,9.5,9.0,9.2,8.5,8.5,7.2,6.8,8.0
1794,0.0,9.5,9.8,9.9,6.5,9.5,9.0,6.8,8.5
1795,0.0,9.5,8.8,7.2,4.5,8.5,9.2,4.1,8.8
1796,4.5,9.5,8.2,7.8,6.1,8.5,9.2,7.8,6.5
1798,0.0,9.5,8.8,9.2,7.5,8.5,9.2,4.1,8.8
1799,0.0,9.5,8.8,9.2,7.5,7.5,8.2,4.1,6.8
1800,0.0,9.5,8.8,9.2,6.5,8.5,9.2,4.1,7.8
1801,0.0,8.5,8.0,7.5,6.5,7.5,6.2,4.8,5.5
1802,0.0,9.5,8.8,9.2,7.5,8.5,9.2,6.8,8.0
1803,4.5,9.5,8.8,8.2,6.5,8.5,9.2,4.1,7.8
1804,0.0,9.5,9.0,8.5,7.5,8.5,9.2,4.1,8.8
1805,4.5,9.8,9.5,9.2,6.8,8.5,9.2,7.8,8.0
1807,0.0,9.5,8.8,9.2,7.5,8.5,9.2,4.1,7.8
1808,0.0,9.5,8.2,7.8,8.5,8.5,7.2,4.1,6.8
1809,0.0,9.5,8.8,9.2,7.5,7.5,8.2,4.1,6.8
1810,0.0,7.5,4.2,6.1,8.5,4.5,6.8,3.2,5.1
1811,0.0,2.5,1.8,2.0,1.5,2.5,4.2,1.8,1.5
1812,2.5,9.5,9.0,8.5,8.0,8.5,9.2,7.8,8.0
1813,0.0,9.5,9.8,9.9,8.5,9.5,8.8,7.2,8.5
1815,0.0,9.8,9.5,9.9,8.5,9.5,9.0,6.8,8.5
1816,8.5,9.5,7.8,8.2,9.0,8.5,9.2,4.1,6.8
1817,0.0,7.5,4.2,6.1,8.5,4.5,6.8,2.5,5.8
1818,0.0,9.5,8.8,9.2,8.5,8.5,9.2,4.1,8.8
1819,0.0,8.5,8.0,7.5,4.5,7.5,8.2,4.1,6.8
1820,0.0,9.5,8.8,8.2,6.5,8.5,9.2,7.8,8.0
1821,8.5,9.8,7.2,9.5,6.8,8.5,7.2,6.8,4.1
1822,2.5,9.5,8.8,9.2,6.5,8.5,9.2,6.8,8.0
1823,0.0,8.5,7.8,6.2,8.0,7.5,8.2,4.1,6.8
1824,,,,,,8.5,7.2,4.1,1.8
1825,0.0,9.5,8.8,9.2,8.5,7.5,8.2,4.1,6.8
1826,0.0,9.5,9.8,9.2,2.1,8.5,9.2,4.1,8.8
1827,0.0,9.5,8.8,9.2,8.5,8.5,9.2,7.8,8.8
1828,0.0,9.5,8.8,9.0,7.5,8.5,7.2,4.1,6.8
1829,,,,,,8.5,7.2,4.8,6.8
1830,0.0,8.5,6.8,7.2,4.5,4.5,7.2,2.8,6.5
1832,0.0,9.5,8.8,9.0,6.5,7.5,8.2,4.1,6.8
1833,4.5,9.8,8.2,9.5,8.8,8.5,9.2,7.8,6.8
1834,8.5,9.8,9.5,9.9,9.2,9.5,8.8,4.2,8.5
1835,0.0,8.5,7.2,6.8,4.1,4.5,8.2,2.1,6.8
1836,0.0,9.5,8.8,8.2,7.5,8.5,9.2,4.1,7.8
1837,0.5,9.5,8.8,8.2,6.5,8.5,9.2,6.8,7.1
1838,0.0,8.5,7.8,8.2,4.5,4.5,6.8,2.5,7.2
1839,4.5,9.5,8.2,7.8,6.5,7.5,8.2,6.8,6.5
1840,0.0,9.5,8.8,9.2,7.5,8.5,9.2,6.8,8.8
1841,0.0,8.5,7.2,6.8,4.1,4.5,7.2,3.8,1.8
1842,4.5,8.2,6.8,7.5,9.0,8.5,7.2,4.1,6.8
1843,0.0,9.5,9.8,9.9,8.5,8.5,9.2,4.1,8.8
1844,0.0,8.5,6.8,7.2,8.0,4.5,8.2,2.8,6.5
1845,2.5,8.8,7.2,6.5,4.8,7.5,8.2,8.5,6.8
1846,0.0,8.5,6.8,7.2,8.0,8.5,9.2,2.5,7.8
1847,8.5,9.8,9.5,9.2,8.0,9.5,9.0,7.8,8.5
1848,0.0,9.5,8.2,9.0,8.5,8.5,7.2,4.8,8.0
1849,0.0,9.5,8.8,8.2,6.5,8.5,9.2,4.1,6.8
1850,0.0,9.5,8.8,9.2,7.5,8.5,9.0,4.2,7.8
1851,0.0,9.5,9.0,8.5,8.0,8.5,7.2,6.8,8.0
1852,0.0,9.5,9.8,9.2,6.5,8.5,9.2,6.8,8.0
1853,0.0,9.8,9.5,9.2,8.5,9.5,9.0,7.8,8.5
1854,0.0,9.5,8.2,8.5,7.8,7.5,8.2,4.5,6.8
1855,2.5,9.5,9.0,8.5,4.0,8.5,7.2,4.1,8.8
1856,0.0,8.5,7.8,6.5,4.2,7.5,8.2,6.8,6.5
1857,0.0,9.5,8.8,8.2,7.5,7.5,8.2,4.1,6.8
1859,0.0,9.5,9.8,9.2,8.5,9.5,9.0,6.5,8.5
1860,0.0,8.5,7.8,6.2,4.1,7.5,6.2,4.1,5.8
1861,0.0,7.5,6.8,2.5,4.2,4.5,6.8,2.5,5.8
1862,0.0,9.5,8.8,9.2,9.0,8.5,9.2,6.8,8.0
1863,8.5,9.8,9.5,9.2,8.8,9.5,9.0,4.2,8.8
1864,0.0,8.5,7.8,8.2,6.5,7.5,8.2,4.1,6.8
1865,0.0,9.5,8.8,9.2,7.5,8.5,9.2,4.8,7.1
1866,0.0,8.5,2.0,4.2,6.8,7.5,8.2,4.1,6.8
1867,0.0,8.5,6.8,7.2,8.0,7.5,8.2,4.1,6.8
1868,2.5,9.5,8.8,8.2,9.0,8.5,7.2,4.8,6.8
1869,0.0,9.5,8.8,8.2,9.8,8.5,7.2,4.1,6.8
1870,0.0,8.5,6.8,7.2,8.0,4.5,8.2,6.8,3.5
1871,0.0,9.5,8.2,7.8,9.0,8.5,9.2,4.1,6.8
1872,8.5,9.8,9.5,9.2,8.8,8.5,7.2,6.8,8.0
1873,0.0,9.5,8.8,7.2,6.5,7.5,8.2,4.1,6.8
1874,0.0,8.5,7.8,6.2,4.1,7.5,8.2,4.1,6.8
1875,0.0,8.5,7.2,6.8,4.1,7.5,8.2,6.8,4.1
1876,0.0,8.5,7.8,6.2,6.5,7.5,6.2,4.8,5.5
1877,,,,,,8.5,9.2,4.1,8.8
1878,0.0,9.5,8.2,7.8,9.0,8.5,9.2,4.1,7.8
1879,0.0,9.5,9.8,8.5,6.0,8.5,7.2,4.1,9.0
1880,0.0,9.5,8.2,8.5,9.0,8.5,8.2,4.1,6.8
1881,0.0,9.5,9.8,9.9,8.5,8.5,9.2,6.8,8.0
1882,0.0,8.5,7.2,6.8,8.0,7.5,8.2,4.1,6.8
1883,0.0,9.5,8.2,8.5,9.0,8.5,9.2,4.1,6.8
1884,0.0,9.5,8.8,9.2,8.5,8.5,9.2,4.1,7.8
1885,0.0,9.5,8.8,9.2,8.5,8.5,7.2,4.8,6.8
1886,,,,,,8.5,9.2,6.8,8.0
1887,0.0,9.5,8.2,7.8,9.0,8.5,9.2,4.1,6.8
1888,0.0,9.5,8.2,7.5,9.0,8.5,9.2,6.8,7.1
1889,0.0,9.5,8.2,8.5,9.8,8.5,7.2,4.8,6.8
1890,0.0,9.5,8.2,7.8,6.5,8.5,9.2,6.8,7.1
1891,0.0,9.5,8.8,9.0,6.5,8.5,9.2,6.8,7.1
1892,2.5,9.5,8.8,8.2,6.5,8.5,9.2,6.8,8.0
1893,0.0,9.5,8.8,8.2,7.5,8.5,7.2,6.8,8.0
1894,0.0,9.5,8.8,8.2,9.8,8.5,9.2,4.1,7.8
1895,0.0,9.5,9.8,9.2,6.5,9.5,9.8,6.5,8.2
1896,0.0,9.5,8.8,9.2,7.5,8.5,9.2,6.8,8.0
1897,0.0,9.5,9.8,9.2,6.5,9.5,8.2,4.1,8.8
1898,4.5,8.8,8.2,7.5,6.1,7.5,8.2,4.1,6.8
1899,0.0,9.5,8.8,9.2,7.5,8.5,9.2,4.1,8.8
1900,2.5,9.5,8.8,9.2,7.5,8.5,9.2,6.8,7.1
1901,4.5,9.5,8.8,8.2,7.5,8.5,9.2,4.1,7.8
1902,0.0,9.5,8.8,9.2,7.5,8.5,9.2,6.8,8.0
1903,0.0,9.5,8.8,8.2,7.5,7.5,8.2,4.1,6.8
1905,0.0,9.5,9.8,9.2,6.5,9.5,8.8,4.2,8.5
1906,0.0,8.5,7.2,6.8,4.5,8.5,7.2,4.1,6.8
1907,0.0,9.5,7.8,8.2,9.0,7.5,8.2,4.1,6.8
1908,8.5,9.5,8.0,9.0,7.5,8.5,7.2,4.1,8.8
1909,0.0,6.5,4.8,7.2,2.5,4.5,2.8,2.5,6.8
1910,,,,,,9.5,9.0,6.5,8.0
1912,0.0,9.5,8.8,9.2,7.5,8.5,9.2,4.1,7.8
1913,0.0,8.5,2.1,4.2,9.0,7.5,8.2,2.5,6.8
1914,0.0,9.5,8.8,9.2,9.0,8.5,9.2,4.8,8.0
1915,0.0,8.5,7.8,6.5,2.5,7.5,8.2,4.1,6.8
1916,8.5,9.5,8.2,9.0,7.8,8.5,9.2,6.8,8.0
1917,0.0,9.5,8.2,9.0,9.8,8.5,7.2,4.1,8.8
1918,0.0,9.5,8.8,8.2,6.5,8.5,7.2,4.8,6.8
1919,0.0,9.5,8.2,8.5,9.0,8.5,7.2,6.8,8.0
1920,0.0,9.5,8.8,9.2,9.8,8.5,9.2,4.1,8.8
1921,0.0,8.5,7.2,8.8,6.5,7.5,8.2,4.8,8.5
1922,8.5,9.8,8.2,9.5,7.1,7.5,8.2,6.8,8.5
1923,0.0,8.5,7.8,6.2,4.1,7.5,8.2,4.1,6.8
1926,0.0,9.5,8.8,8.2,7.5,8.5,9.2,4.1,7.8
1927,0.0,8.5,7.8,8.2,6.5,4.5,7.2,6.8,8.1
1928,0.0,9.5,8.8,9.2,9.0,8.5,9.2,4.1,7.8
1929,0.0,8.5,4.2,3.1,7.8,4.5,6.8,2.1,5.9
1930,0.0,9.5,8.2,8.5,7.8,8.5,9.2,4.1,7.8
1931,0.0,9.5,8.8,9.2,8.5,8.5,9.2,4.1,7.8
1932,0.0,8.5,6.8,4.2,2.5,4.5,7.2,2.8,1.5
1933,0.0,9.5,8.2,9.0,7.5,8.5,7.2,4.8,8.0
1934,0.0,8.5,7.2,6.8,8.0,7.5,8.2,4.1,6.8
1935,0.0,9.5,8.8,9.2,9.8,8.5,9.0,4.2,8.0
1936,0.0,9.8,9.5,9.2,9.0,8.5,9.2,4.1,8.8
1937,0.0,9.5,8.8,8.2,7.5,8.5,9.0,4.2,8.0
1938,0.0,8.5,8.0,7.5,6.5,8.5,7.2,4.1,6.8
1939,2.5,9.5,8.8,8.2,6.5,8.5,9.2,4.1,7.8
1940,0.0,9.5,8.2,7.8,9.0,8.5,9.2,4.1,7.8
1941,4.5,9.8,9.5,9.2,8.1,8.5,9.2,6.8,8.0
1942,0.0,9.5,8.2,7.5,6.8,7.5,8.2,4.1,6.8
1943,8.5,9.5,8.8,9.2,7.0,8.5,9.2,4.1,8.8
1944,0.0,9.5,8.8,9.2,8.5,8.5,9.2,4.1,7.8
1945,2.5,9.8,8.5,8.2,7.8,8.5,9.2,4.1,8.8
1946,0.0,8.5,7.2,8.0,6.8,7.5,8.2,4.1,6.8
1947,0.0,9.5,8.8,9.2,7.5,9.5,8.2,7.8,8.5
1948,0.0,9.5,8.2,9.8,9.0,8.5,7.2,4.1,8.8
1949,2.5,9.8,9.5,9.2,8.8,8.5,9.2,6.8,8.0
1950,0.0,9.5,8.8,9.8,7.5,9.5,8.2,4.1,8.8
1951,0.0,8.5,8.0,7.5,4.5,4.5,2.8,3.2,1.5
1952,0.0,9.5,8.2,7.8,6.5,8.5,9.2,6.8,8.0
1953,0.0,9.5,9.8,9.2,8.5,9.5,8.8,4.2,8.5
1954,0.0,9.5,8.2,8.5,9.8,8.5,7.2,4.1,6.8
1955,0.0,8.5,6.8,4.2,7.1,7.5,8.2,2.1,6.8
1956,0.0,9.5,8.2,7.8,6.5,7.5,8.2,4.1,6.8
1957,0.0,8.5,7.2,6.8,4.9,7.5,8.2,6.8,8.5
1958,0.0,9.5,8.2,7.5,6.8,7.5,8.2,4.1,6.8
1959,0.0,9.5,8.8,8.2,7.5,7.5,8.2,4.1,6.8
1960,0.0,9.5,8.8,9.2,6.5,8.5,9.2,4.1,8.8
1961,4.5,9.5,8.2,7.8,9.0,8.5,9.2,7.8,8.0
1963,7.5,9.8,9.5,9.2,8.5,8.5,9.2,6.8,8.8
1964,2.5,9.5,8.8,9.2,6.5,8.5,9.2,7.8,8.8
1965,0.0,9.5,8.8,9.2,8.5,8.5,7.2,4.8,6.8
1966,0.0,9.5,9.8,9.2,6.5,9.5,9.0,7.8,8.5
1967,0.0,9.5,8.2,7.5,6.8,8.5,9.2,4.1,7.8
1968,0.0,9.5,8.2,9.0,8.8,8.5,9.2,6.8,8.0
1969,0.0,9.5,8.2,8.5,9.0,8.5,9.2,7.8,6.8
1970,0.0,9.5,8.8,8.2,7.5,7.5,8.2,4.1,6.8
1971,,,,,,8.5,9.2,7.8,8.0
1972,0.0,9.5,8.8,9.2,8.5,8.5,9.2,7.8,8.0
1973,0.0,9.5,8.8,9.2,8.5,8.5,9.2,6.8,8.0
1974,4.5,9.5,8.2,9.0,7.8,7.5,6.2,8.1,8.8
1975,0.0,9.5,8.2,8.8,7.5,7.5,8.2,4.1,6.8
1976,0.0,9.5,8.2,7.8,8.5,8.5,8.2,4.1,6.8
1977,0.0,9.5,9.0,8.5,6.0,8.5,9.2,4.1,8.8
1978,0.0,9.5,8.8,8.2,7.5,8.5,8.2,4.1,7.8
1979,0.0,8.5,6.8,7.2,4.1,4.5,6.8,2.5,3.8
1980,0.0,9.8,9.5,9.2,8.5,9.5,9.8,6.5,8.2
1981,0.0,7.5,4.8,6.2,5.5,4.5,6.8,2.5,5.8
1982,0.5,8.2,4.8,6.5,7.1,4.5,6.8,2.5,5.8
1983,0.0,9.5,9.8,9.2,8.5,9.5,8.8,4.2,8.5
1984,0.0,8.5,7.2,8.0,6.5,7.5,8.2,4.1,6.8
1985,0.0,9.5,8.8,9.2,8.5,8.5,9.2,6.8,8.0
1986,4.5,8.2,7.8,8.5,6.8,4.5,7.2,6.8,5.9
1987,2.5,9.5,8.2,7.8,8.5,8.5,9.2,6.8,7.1
1988,0.0,9.5,8.2,8.5,6.8,7.5,8.2,4.1,6.8
1989,0.0,9.5,8.8,9.2,9.0,8.5,9.2,4.1,7.8
1990,0.0,8.5,8.0,7.5,4.0,4.5,6.8,2.5,7.2
1991,8.5,9.8,9.5,9.2,9.0,8.5,9.2,4.1,8.8
1992,0.0,9.5,8.2,8.8,9.8,8.5,9.2,6.8,7.1
1993,0.0,9.5,8.8,7.2,6.5,8.5,9.2,7.8,6.8
1994,0.0,9.5,8.2,9.0,6.8,8.5,9.2,4.1,7.8
1995,0.0,9.5,8.2,7.5,6.8,8.5,9.2,4.1,6.8
1997,0.0,9.8,8.5,9.2,7.1,8.5,9.2,4.1,1.8
1998,0.0,9.5,8.8,9.2,8.5,8.5,9.2,8.8,7.1
1999,0.0,8.5,7.8,8.2,6.5,4.5,6.8,3.2,7.5
2000,0.0,9.5,8.8,8.5,7.2,8.5,9.2,4.1,7.8
2001,0.0,9.5,9.8,9.2,8.5,8.5,9.2,4.1,8.8
2002,0.0,8.5,7.8,6.2,4.1,4.5,7.2,6.8,5.8
2003,2.5,9.5,8.2,8.8,7.1,8.5,9.2,4.1,7.8
2004,0.0,8.5,7.2,6.8,6.5,4.5,8.2,6.8,5.1
2005,0.0,8.5,6.8,7.2,9.0,8.5,7.2,6.8,5.5
2006,0.0,9.8,9.5,9.2,8.5,8.5,9.2,4.1,7.8
2007,0.0,9.5,8.8,9.2,6.5,8.5,7.2,8.8,9.0
2008,,,,,,8.5,7.2,4.1,6.8
2009,0.0,8.5,6.8,7.2,5.5,2.5,4.2,3.8,1.8
2010,0.0,9.5,8.8,9.2,7.5,8.5,7.2,4.1,6.8
2011,0.0,9.5,8.8,8.2,6.5,8.5,7.2,6.8,8.0
2012,0.0,8.5,7.8,6.5,8.0,7.5,8.2,6.8,6.5
2013,0.0,8.5,7.8,6.2,4.5,4.5,7.2,4.8,6.5
2014,0.0,9.8,9.5,9.9,9.2,9.5,9.0,7.8,8.5
2015,0.0,9.5,8.2,9.0,8.8,8.5,9.2,4.1,7.8
2016,0.0,8.5,7.8,6.2,4.1,4.5,6.8,3.2,5.1
2017,0.0,9.5,8.8,9.2,9.8,8.5,9.2,4.1,7.8
2018,8.5,9.5,6.8,9.2,8.8,8.5,7.2,4.1,6.8
2019,0.0,9.5,8.8,9.2,7.5,8.5,9.2,4.1,8.8
2020,8.5,9.5,8.8,9.2,6.5,7.5,8.2,4.1,6.8
2021,0.0,9.5,8.2,8.8,9.0,8.5,9.2,7.8,8.0
2022,0.0,8.5,7.8,6.2,9.0,8.5,9.2,6.8,7.1
2023,0.0,9.8,9.5,9.9,8.5,9.5,9.8,8.2,9.0
2024,0.0,9.5,9.0,8.5,6.0,8.5,9.2,4.1,8.8
2025,0.0,9.5,9.0,8.5,6.0,8.5,9.2,4.1,8.8
2026,2.5,8.5,8.0,7.8,4.2,7.5,8.2,4.1,6.8
2027,0.0,4.5,6.8,7.2,3.5,2.5,4.2,1.8,1.5
2028,4.5,9.8,9.5,8.2,7.1,8.5,9.2,6.8,7.1
2029,0.0,9.5,8.2,8.5,9.8,8.5,9.2,6.8,7.1
2030,0.0,9.5,8.5,8.0,9.0,8.5,7.2,2.5,6.8
2031,0.0,9.5,8.8,8.2,6.5,8.5,7.2,4.1,8.8
2032,2.5,8.5,7.8,6.9,6.1,4.5,6.8,3.2,1.8
2033,0.0,9.5,8.2,8.5,7.8,7.5,8.2,6.8,4.5
2034,0.0,9.5,8.2,9.8,9.0,8.5,7.2,4.1,6.8
2035,4.5,9.5,8.8,9.2,8.5,8.5,9.2,4.1,7.8
2036,0.0,9.5,8.2,8.8,9.0,8.5,9.2,6.8,7.1
2037,0.0,8.5,7.8,8.2,6.5,7.5,8.2,4.1,6.8
2039,2.5,8.5,8.0,6.5,4.0,7.5,6.2,4.8,6.8
2040,,,,,,8.5,9.2,6.8,8.0
2041,2.5,9.8,9.5,9.2,6.8,8.5,9.2,6.8,8.0
2042,0.0,9.5,8.8,8.2,7.5,8.5,7.2,4.1,6.8
2043,0.0,9.8,9.5,9.2,8.5,8.5,9.2,6.8,8.0
2044,0.0,9.5,8.8,9.2,6.5,8.5,9.2,6.8,8.0
2046,0.0,9.5,7.8,8.2,8.5,7.5,8.2,4.1,6.8
2047,0.0,9.5,8.8,9.2,8.5,8.5,9.2,7.8,6.8
2048,8.5,9.8,9.5,9.2,9.9,8.5,9.2,6.8,8.8
2050,0.0,9.5,8.2,8.5,7.8,8.5,9.0,4.2,7.8
2051,0.0,8.5,7.8,6.5,4.2,8.5,7.2,4.1,6.8
2052,0.0,9.5,8.2,7.8,6.5,8.5,9.2,6.8,7.1
2053,0.0,9.8,9.5,9.9,8.5,9.5,9.8,8.2,9.0
2054,0.0,9.5,9.8,9.2,6.5,8.5,9.2,6.8,8.0
2055,0.0,9.5,9.0,9.2,8.5,8.5,9.2,6.8,8.0
2056,0.0,8.5,8.0,7.5,6.0,7.5,8.2,4.1,6.8
2057,0.0,9.5,8.2,8.5,9.0,7.5,8.2,4.1,6.8
2058,4.5,9.5,8.8,8.2,6.5,8.5,9.2,6.8,8.0
2059,0.0,9.5,8.8,9.2,7.5,8.5,9.2,4.8,7.1
2060,0.0,9.5,8.8,8.5,9.8,8.5,8.2,4.1,7.8
2061,4.5,9.8,9.5,9.2,6.8,9.5,9.8,4.2,8.5
2062,8.5,9.8,9.5,9.2,8.8,8.5,7.2,4.8,8.0
2064,0.0,9.5,8.8,9.2,7.5,8.5,9.2,7.8,8.8
2065,0.0,9.5,8.8,9.2,6.5,8.5,9.2,6.8,8.0
2066,0.0,8.5,6.8,7.2,8.0,7.5,8.2,4.1,6.8
2067,,,,,,8.5,9.2,6.8,8.0
2068,4.5,8.8,7.2,8.5,6.8,7.5,8.2,4.1,6.8
2069,0.0,9.5,8.8,9.2,7.5,8.5,9.2,6.8,8.0
2070,0.0,9.5,8.8,8.2,9.0,7.5,8.2,4.1,6.8
2071,0.0,9.5,8.2,7.8,8.5,7.5,8.2,4.1,6.8
2072,0.0,9.5,8.8,9.2,7.5,8.5,9.2,4.1,8.8
2073,4.5,9.5,8.2,7.8,6.1,8.5,9.2,6.8,8.0
2074,0.0,9.5,8.8,9.2,7.5,8.5,9.2,6.8,8.0
2075,0.0,9.5,8.8,9.2,6.5,8.5,9.2,6.8,8.0
2076,0.0,9.5,9.8,9.2,8.5,8.5,9.2,6.8,8.0
2077,0.0,8.5,6.8,7.2,4.5,4.5,7.2,2.8,6.1
2078,,,,,,8.5,9.2,7.8,8.0
2079,0.0,9.5,9.0,8.5,7.0,8.5,7.2,4.1,8.8
2080,4.5,9.8,8.2,9.5,9.0,8.5,9.2,4.1,8.8
2081,0.0,8.5,7.8,6.2,4.1,7.5,6.2,4.1,5.8
2083,0.0,9.5,8.8,9.2,6.5,8.5,7.2,6.8,4.5
2084,0.0,8.5,7.2,6.8,4.5,4.5,7.2,2.8,5.1
2085,0.0,8.5,7.2,6.8,4.1,4.5,7.2,2.8,6.5
2086,0.0,9.8,9.5,9.2,8.5,9.5,9.8,8.2,9.0
2087,0.0,8.5,7.2,6.8,9.0,7.5,8.2,4.1,6.8
2088,0.0,9.5,9.8,9.2,8.5,9.5,8.2,2.5,8.8
2089,0.0,9.5,9.8,9.9,2.5,8.5,9.2,4.1,8.8
2090,0.0,9.5,8.8,8.2,7.5,8.5,9.2,2.1,6.8
2091,0.0,9.5,8.2,8.5,9.0,8.5,9.2,6.8,8.0
2092,0.0,9.5,8.2,8.5,6.8,8.5,8.2,4.1,6.8
2093,0.0,9.5,8.2,8.5,6.8,7.5,8.2,4.1,8.8
2094,0.0,9.5,9.8,9.2,8.5,8.5,9.2,6.8,8.0
2095,0.0,9.5,8.2,8.5,9.0,8.5,9.2,6.8,7.1
2096,0.0,9.5,8.8,9.2,7.5,8.5,9.2,6.8,8.0
2097,0.0,8.5,6.8,7.2,4.5,4.5,8.2,6.8,5.9
2098,0.0,9.5,8.8,8.2,9.0,8.5,9.2,4.1,8.8
2099,0.0,8.5,7.8,6.2,4.1,7.5,8.2,4.1,6.8
2100,0.0,9.5,9.8,9.2,6.5,9.5,9.0,6.8,8.5
2101,0.0,9.5,8.8,8.5,7.2,8.5,9.2,4.1,7.8
2102,0.0,9.8,9.5,9.2,8.5,9.5,9.8,7.2,8.5
2103,0.0,8.5,7.8,6.2,4.1,7.5,8.2,4.1,6.8
2104,2.5,8.5,7.8,8.2,4.1,7.5,8.2,6.8,8.5
2105,0.0,9.5,8.8,8.2,9.0,8.5,9.2,6.8,7.1
2106,8.5,9.8,9.5,9.2,7.8,9.5,8.2,7.8,9.0
2107,8.5,9.8,9.2,9.5,9.0,8.5,9.2,4.1,7.8
2108,0.0,9.5,8.2,8.5,6.8,7.5,8.2,4.1,6.8
2109,2.5,9.8,9.5,9.2,8.0,8.5,9.2,4.1,8.8
2110,4.5,8.2,7.5,8.8,6.1,7.5,8.2,4.1,6.8
2111,0.0,9.5,8.8,9.2,7.5,8.5,9.2,4.1,7.8
2112,2.5,9.5,8.8,7.2,6.8,8.5,7.2,4.1,6.8
2113,0.0,8.5,7.8,8.2,6.5,8.5,7.2,4.1,6.8
2114,0.0,9.5,8.8,8.2,7.5,8.5,9.2,4.1,7.8
2115,0.0,9.5,8.8,8.2,9.0,8.5,7.2,4.1,6.8
2116,0.0,8.5,7.8,6.5,8.0,7.5,8.2,4.1,6.8
2117,2.5,9.5,8.8,9.2,6.5,8.5,9.2,4.1,8.8
2118,8.5,9.5,8.8,9.2,7.0,8.5,7.2,6.8,8.0
2119,2.5,8.8,7.2,6.5,4.1,7.5,8.2,4.1,6.8
2120,0.0,4.5,2.8,3.2,6.1,2.5,4.2,1.8,1.5
2121,0.0,9.5,8.8,8.2,7.5,8.5,7.2,4.1,6.8
2122,0.0,9.5,8.2,8.5,7.8,8.5,9.2,6.8,7.1
2123,0.0,9.5,8.8,9.2,7.5,7.5,8.2,4.1,6.8
2124,0.0,9.5,8.2,8.5,9.0,8.5,9.2,4.1,7.8
2125,2.5,9.5,8.8,8.2,7.5,8.5,9.2,4.1,8.8
2126,0.0,8.5,6.8,7.2,8.0,7.5,8.2,4.1,6.8
2127,0.0,8.5,7.2,6.8,4.1,4.5,7.2,3.8,6.1
2128,0.0,8.5,7.2,6.8,4.5,4.5,6.8,3.2,1.8
2129,0.0,8.5,6.8,4.2,7.9,4.5,7.2,6.8,5.1
2130,0.0,9.5,8.2,7.8,6.5,8.5,9.2,6.8,4.1
2131,0.0,8.5,7.2,6.8,4.1,4.5,7.2,2.8,6.5
2132,0.0,9.5,8.2,7.8,6.5,8.5,7.2,6.8,8.0
2133,0.0,8.5,7.8,6.2,4.1,7.5,8.2,4.1,6.8
2134,0.0,9.5,8.8,9.2,7.5,8.5,9.2,4.1,8.8
2135,0.0,9.5,9.0,8.5,6.0,8.5,9.2,4.1,8.8
2136,0.0,9.8,9.5,9.2,8.5,,,,
2137,0.0,9.8,9.5,9.2,9.0,9.5,9.0,6.5,8.0
2138,0.0,9.5,8.2,8.5,7.8,8.5,9.2,4.8,8.0
2139,0.0,9.5,8.2,7.8,8.5,8.5,9.2,4.1,7.8
2140,8.5,9.8,9.5,9.2,6.8,8.5,9.2,7.8,8.0
2141,0.0,9.5,9.8,9.2,8.5,9.5,8.2,4.1,8.8
2142,2.5,9.5,8.8,9.2,6.5,8.5,9.2,7.8,8.0
2143,0.0,8.5,7.2,6.8,8.8,7.5,8.2,4.1,6.8
2144,4.5,9.8,8.5,9.2,8.0,8.5,9.2,7.8,6.5
2145,0.0,9.5,8.8,7.2,6.5,7.5,8.2,4.1,6.8
2146,0.0,9.5,8.8,9.2,8.5,8.5,9.2,6.8,8.0
2147,0.0,9.5,8.8,9.2,7.5,8.5,9.2,4.1,8.8
2148,0.0,9.5,8.8,7.2,4.5,4.5,8.2,2.1,6.8
2149,8.5,9.8,9.2,9.5,9.8,8.5,9.2,6.8,8.0
2150,0.0,9.5,8.2,7.8,6.5,7.5,8.2,4.1,6.8
2151,0.0,9.5,9.0,9.2,8.5,8.5,9.2,6.8,8.0
2152,0.0,9.5,8.8,9.2,6.5,8.5,7.2,4.1,8.8
2153,0.0,9.5,7.8,6.5,4.2,8.5,9.2,2.1,6.8
2154,8.5,9.8,9.5,9.9,9.9,9.5,9.8,6.8,8.5
2155,0.0,8.5,7.2,8.8,6.5,4.5,7.2,2.8,6.8
2156,4.5,9.5,8.2,7.8,6.1,7.5,8.2,4.1,6.8
2157,,,,,,9.5,9.0,7.8,8.5
2158,0.0,9.5,8.2,8.8,7.5,7.5,8.2,6.8,8.5
2159,0.5,9.5,8.8,9.2,6.8,8.5,9.2,8.8,7.5
2160,0.0,8.5,6.8,7.2,8.0,7.5,8.2,6.8,6.5
2161,8.5,9.8,9.2,9.5,8.8,8.5,9.2,6.8,8.8
2162,0.0,9.5,8.8,9.2,7.5,8.5,7.2,4.1,6.8
2163,,,,,,9.5,8.8,6.5,8.2
2164,2.5,8.5,8.0,7.2,6.8,4.5,2.8,1.5,1.2
2165,0.0,8.5,4.2,6.1,7.8,7.5,8.2,2.5,4.8
2166,0.0,8.5,7.8,6.5,4.2,2.5,1.8,1.2,1.0
2167,0.0,9.5,9.2,8.8,6.5,8.5,9.2,7.8,8.8
2168,0.0,9.5,8.8,8.2,7.5,7.5,8.2,4.1,6.8
2169,8.5,9.8,9.2,8.8,9.5,8.5,9.2,6.8,8.0
2170,0.0,9.5,8.2,7.5,6.8,7.5,8.2,4.5,6.8
2171,2.5,8.8,7.2,6.5,4.8,7.5,8.2,4.1,6.8
2172,0.0,8.5,7.8,6.2,9.0,8.5,7.2,4.1,6.8
2173,0.0,9.5,8.8,9.2,7.5,7.5,8.2,4.1,8.8
2174,2.5,9.5,8.8,8.2,6.5,8.5,9.2,6.8,8.0
2175,0.0,9.5,8.8,9.0,7.5,8.5,7.2,4.8,6.8
2176,0.0,9.5,8.2,9.0,7.8,8.5,9.2,6.8,7.1
2177,0.0,9.5,8.8,9.2,7.5,8.5,9.2,6.8,8.0
2179,0.0,9.5,8.2,9.0,7.5,8.5,9.2,6.8,7.1
2180,0.0,9.8,9.5,9.2,9.8,8.5,9.2,4.1,7.8
2181,0.0,9.5,8.8,9.2,7.5,8.5,9.2,4.1,8.8
2182,0.0,8.5,7.2,6.8,4.5,7.5,8.2,4.1,6.8
2183,0.0,9.5,8.8,8.2,6.5,7.5,8.2,4.1,6.8
2184,4.5,9.5,8.8,8.2,7.5,8.5,9.2,4.1,7.8
2185,8.5,9.5,8.2,9.0,7.8,7.5,8.2,6.8,5.5
2186,0.0,8.5,6.8,7.2,9.0,2.5,1.8,1.2,1.0
2187,0.0,9.5,8.2,7.8,6.5,8.5,9.2,4.1,6.8
2188,0.5,4.2,2.8,3.5,6.1,2.5,4.2,1.8,4.5
2189,0.0,9.5,8.2,9.0,9.8,8.5,7.2,4.1,8.8
2190,0.0,8.5,8.0,7.5,6.0,7.5,8.2,4.1,6.8
2192,0.0,8.5,7.2,6.8,9.0,7.5,8.2,4.1,6.8
2193,0.0,8.5,7.2,6.8,4.1,8.5,7.2,6.8,4.1
2194,0.0,9.5,8.8,8.5,6.0,8.5,9.2,4.1,8.8
2195,0.5,9.5,8.2,8.5,7.8,7.5,8.2,6.8,6.5
2196,0.0,8.5,6.8,7.2,4.1,4.5,6.8,2.5,5.8
2197,0.0,8.5,7.8,8.2,6.5,8.5,9.2,4.1,8.8
2198,0.0,8.5,9.0,9.5,2.0,8.5,4.2,6.8,8.0
2199,0.0,9.8,9.5,9.2,8.5,8.5,9.2,7.8,8.0
2200,,,,,,9.5,9.0,8.5,8.0
2202,0.0,8.5,7.2,6.8,8.0,7.5,8.2,6.8,5.9
2203,0.0,8.5,7.2,6.8,4.5,4.5,7.2,2.8,6.5
2204,0.0,9.5,8.8,9.2,7.5,8.5,9.2,4.1,7.8
2205,2.5,9.5,8.8,9.2,8.5,8.5,7.2,6.8,8.8
2206,0.0,9.5,8.2,7.5,9.0,8.5,9.2,6.8,7.1
2207,0.0,8.5,7.8,6.5,4.2,7.5,8.2,4.1,6.8
2208,0.0,9.8,9.5,9.9,8.5,9.5,8.8,6.5,9.0
2209,0.0,8.5,6.8,7.2,4.1,8.5,7.2,6.8,4.1
2210,0.0,8.5,6.8,7.2,8.0,7.5,8.2,4.1,6.8
2211,0.0,9.5,8.8,9.2,7.5,8.5,7.2,4.1,6.8
2212,0.0,8.5,7.2,6.8,8.0,7.5,8.2,4.1,6.8
2213,0.0,8.5,7.2,8.0,6.8,7.5,8.2,4.1,6.8
2214,0.0,8.5,6.8,7.2,4.5,7.5,8.2,4.1,6.8
2215,0.0,9.5,8.8,9.2,8.0,8.5,9.2,4.1,7.8
2216,0.0,9.5,8.8,9.2,9.8,8.5,9.2,6.8,8.0
2217,0.0,9.5,8.8,9.2,8.5,8.5,9.2,6.8,8.0
2218,0.0,9.5,8.8,9.2,9.0,8.5,8.0,4.2,6.8
2219,0.0,9.5,8.8,9.2,7.5,8.5,9.2,6.8,8.0
2220,0.0,9.5,9.8,9.2,8.5,8.5,9.2,4.1,8.8
2222,0.0,9.5,8.8,9.2,8.5,8.5,9.2,4.1,8.8
2223,2.5,8.8,8.5,8.2,7.8,8.5,7.2,6.8,8.0
2224,4.5,8.8,6.5,7.2,5.1,7.5,8.2,2.5,6.8
2225,0.0,9.5,9.8,9.9,8.5,9.5,8.8,4.2,8.5
2226,4.5,9.5,8.2,7.8,8.8,8.5,9.2,6.8,7.1
2227,2.5,9.5,8.8,8.2,6.5,8.5,7.2,4.1,6.8
2228,4.5,9.5,8.2,9.0,8.8,8.5,9.2,4.1,8.8
2229,0.0,8.5,6.8,7.2,8.0,4.5,7.2,2.8,6.5
2230,0.0,9.8,9.5,9.2,8.5,9.5,9.0,6.5,9.8
2231,0.0,9.5,8.8,8.2,8.5,7.5,8.2,4.1,6.8
2232,0.0,8.5,7.2,8.0,6.8,7.5,8.2,4.1,6.8
2233,0.0,8.5,6.8,4.2,7.1,8.5,7.2,4.1,6.8
2234,,,,,,8.5,7.2,6.8,8.0
2236,0.0,9.5,8.8,9.2,8.5,8.5,7.2,4.1,8.8
2237,0.0,9.5,8.8,9.2,6.5,8.5,9.2,6.8,8.0
2238,0.0,9.5,8.8,8.2,6.5,8.5,9.2,6.8,7.1
2239,2.5,9.5,8.2,8.8,7.1,8.5,8.2,6.8,7.1
2240,0.0,8.5,7.8,6.5,4.2,7.5,8.2,4.1,6.8
2241,0.0,8.5,7.2,6.5,4.8,4.5,7.2,2.8,6.1
2242,8.5,9.5,9.0,8.8,4.2,7.5,8.2,4.1,8.5
2243,0.0,8.5,8.0,7.5,2.5,4.5,8.2,6.8,7.5
2244,0.0,9.5,9.8,9.2,8.5,8.5,9.2,4.1,8.8
2245,4.5,9.5,9.0,8.5,6.0,8.5,7.2,4.1,6.8
2246,4.5,8.8,7.2,6.5,8.0,7.5,8.2,4.1,6.8
2247,,,,,,9.5,9.8,4.2,8.5
2248,0.0,6.5,2.8,4.2,7.5,4.5,6.8,2.1,5.9
2249,0.0,9.5,8.2,7.5,6.8,8.5,9.2,4.1,7.8
2250,0.0,9.5,8.8,9.2,8.5,8.5,9.2,6.8,8.0
2251,0.0,9.5,8.2,7.5,2.1,8.5,9.2,2.1,6.8
2252,0.0,9.5,8.8,9.2,8.5,8.5,9.2,4.1,8.8
2253,0.0,8.5,7.8,8.2,6.5,8.5,7.2,6.8,8.0
2254,0.0,8.5,8.0,7.5,6.5,7.5,6.2,4.8,5.5
2255,0.0,9.5,8.8,9.2,8.5,8.5,9.2,4.1,7.8
2256,2.5,8.5,6.8,7.2,4.9,7.5,8.2,2.5,6.8
2257,0.0,9.5,8.8,7.2,6.5,7.5,8.2,4.1,6.8
2258,0.0,8.5,6.8,7.2,5.9,8.5,9.2,4.1,6.8
2259,9.5,9.8,9.9,9.9,8.5,9.5,9.8,4.2,9.0
2260,0.0,9.5,8.2,9.0,6.8,8.5,9.2,4.1,6.8
2261,0.0,9.5,8.2,7.8,6.5,7.5,8.2,4.1,6.8
2262,0.0,9.5,8.8,9.2,8.5,8.5,9.2,4.1,8.8
2263,0.0,8.5,6.8,7.2,8.0,7.5,8.2,6.8,8.5
2264,0.0,9.5,8.2,7.8,6.5,8.5,9.2,6.8,8.0
2265,4.5,9.8,9.5,9.2,9.0,8.5,9.2,6.8,8.0
2266,0.0,9.5,8.8,9.2,7.5,8.5,9.2,4.1,7.8
2267,0.0,9.5,8.8,9.2,9.0,8.5,9.2,4.1,7.8
2268,0.0,9.5,8.8,8.2,7.5,8.5,9.2,6.8,8.0
2269,0.0,9.5,9.2,8.5,7.8,8.5,9.2,4.1,8.8
2270,0.0,8.5,6.8,7.2,8.0,7.5,8.2,4.1,6.8
2271,0.0,9.5,8.5,7.8,6.2,7.5,8.2,4.1,6.8
2272,2.5,9.5,8.2,8.8,7.1,8.5,9.2,4.1,6.8
2274,0.0,8.5,8.0,7.5,9.0,7.5,8.2,4.1,6.8
2275,0.0,9.8,9.5,9.2,8.5,9.5,9.0,6.5,8.8
2276,0.0,8.5,7.8,6.5,4.2,8.5,9.2,4.1,7.8
2277,0.0,9.5,8.8,9.2,7.5,8.5,9.0,4.2,7.8
2278,0.0,9.8,9.5,9.2,8.5,9.5,9.8,7.2,8.5
2279,0.0,9.5,8.8,9.2,7.5,8.5,9.2,4.1,8.8
2280,2.5,9.8,9.5,9.2,8.0,8.5,9.2,7.8,8.8
2281,0.0,9.5,8.8,9.2,7.5,8.5,9.2,4.1,7.8
2282,0.0,9.5,9.8,9.2,2.5,8.5,9.2,6.8,8.8
2283,0.0,9.5,8.8,9.2,7.5,8.5,9.2,6.8,8.0
2284,0.0,8.5,7.2,6.8,4.1,8.5,7.2,4.1,6.8
2285,0.0,9.5,9.8,9.2,8.5,9.5,8.2,4.1,8.8
2286,,,,,,8.5,7.2,4.1,8.8
2287,0.0,8.5,7.2,6.1,4.8,4.2,7.5,2.8,6.8
2288,4.5,9.8,9.5,9.2,8.5,9.5,9.0,6.8,8.5
2289,0.0,9.5,9.8,9.2,8.5,9.5,8.8,6.5,8.2
2290,0.0,9.5,9.0,9.2,8.5,8.5,9.2,6.8,8.0
2291,0.0,9.5,8.2,7.8,9.0,8.5,9.2,6.8,7.1
2292,0.0,8.5,7.8,8.2,6.5,4.5,7.2,6.8,8.1
2293,0.0,9.5,9.0,8.5,7.0,4.5,2.1,1.8,6.8
2294,0.0,9.8,9.5,9.9,8.5,9.5,9.8,6.5,8.2
2295,0.0,9.8,9.5,9.2,8.5,9.5,8.8,6.5,8.2
2296,0.0,8.5,7.2,6.8,4.9,4.5,7.2,6.8,3.5
2297,0.0,9.5,7.8,8.2,8.5,7.5,8.2,6.8,6.5
2298,0.0,8.5,7.2,8.0,6.8,4.5,8.2,2.8,6.1
2299,,,,,,9.5,8.8,4.2,8.5
2301,4.5,9.8,9.5,9.2,8.5,8.5,9.2,6.8,8.0
2302,0.0,9.5,8.8,9.2,8.5,8.5,9.2,6.8,8.0
2303,0.0,9.5,8.8,9.2,9.0,8.5,9.2,4.1,8.8
2304,0.0,9.5,8.2,9.0,7.8,8.5,9.2,4.8,8.0
2305,0.5,9.5,8.2,7.8,8.5,8.5,9.2,4.1,7.8
2306,2.5,8.8,7.2,9.5,8.5,7.5,8.2,4.1,6.8
2307,0.0,9.5,8.8,9.2,7.5,7.5,8.2,4.1,6.8
2308,0.0,8.5,7.2,6.8,8.8,7.5,8.2,4.1,6.8
2309,0.0,9.5,8.8,9.2,7.5,7.5,8.2,4.1,6.8
2310,0.0,9.5,8.2,8.5,7.8,7.5,8.2,4.1,6.8
2311,4.5,9.5,8.8,9.2,9.0,8.5,9.2,4.1,7.8
2312,0.0,9.5,8.8,8.2,6.5,8.5,9.2,2.5,6.8
2314,2.5,8.5,6.8,7.2,4.1,4.5,6.8,4.2,3.5
2315,2.5,9.5,8.8,7.2,4.1,8.5,9.2,6.8,8.0
2316,0.0,8.5,7.2,6.5,8.0,7.5,8.2,4.1,6.8
2317,0.0,9.5,9.0,9.2,8.5,8.5,9.2,7.8,8.0
2318,0.0,8.5,7.8,8.2,6.5,8.5,7.2,6.8,8.0
2319,0.0,8.5,6.8,7.2,4.5,7.5,8.2,4.1,6.8
2320,0.0,9.5,8.8,8.2,7.5,8.5,9.2,4.1,7.8
2321,0.0,8.5,7.2,6.8,4.5,8.5,7.2,4.1,6.8
2322,0.0,9.5,8.8,9.2,7.5,8.5,7.2,4.8,6.8
2323,2.5,8.5,6.8,7.2,4.1,4.5,6.8,3.2,1.8
2324,0.0,9.5,8.2,7.5,6.8,8.5,9.2,4.1,7.8
2325,,,,,,8.5,7.2,6.8,8.0
2326,0.0,6.5,2.8,1.5,0.8,2.5,6.8,1.2,4.1
2327,7.5,9.5,8.8,9.2,9.0,8.5,9.2,4.1,8.8
2328,8.5,9.8,9.5,8.8,6.5,8.5,7.2,4.1,8.8
2330,0.0,9.5,8.8,8.2,9.0,8.5,9.2,6.8,8.0
2331,0.0,9.8,9.5,9.2,9.0,8.5,9.2,7.8,8.8
2332,2.5,8.8,7.2,6.5,4.8,7.5,6.2,4.8,8.1
2333,4.5,9.8,9.5,8.2,7.8,8.5,9.2,6.8,8.0
2334,0.0,8.5,7.8,8.2,6.5,8.5,7.2,4.1,8.8
2336,0.0,9.5,8.2,9.0,7.5,7.5,8.2,4.1,6.8
2337,0.0,9.8,9.5,9.2,6.5,8.5,9.2,4.1,8.8
2338,2.5,9.5,8.8,8.2,7.5,7.5,8.2,6.8,6.5
2339,0.0,9.5,8.8,9.2,7.5,8.5,9.2,4.1,8.8
2340,0.0,9.8,9.5,9.2,8.5,8.5,9.2,4.1,8.8
2341,0.0,9.5,8.8,8.2,6.5,7.5,8.2,4.1,6.8
2342,0.0,9.8,9.5,9.2,8.5,9.5,9.8,2.5,8.8
2343,0.0,9.5,8.2,7.5,4.8,8.5,9.2,6.8,7.1
2344,0.0,9.5,8.8,8.2,7.5,8.5,9.2,6.8,8.0
2345,0.0,9.5,8.2,9.0,7.8,8.5,9.2,4.1,7.8
2346,0.0,9.5,8.8,9.2,8.5,8.5,9.2,4.1,8.8
2347,,,,,,8.5,9.2,7.8,8.0
2348,0.0,8.5,7.8,6.5,4.2,4.5,7.2,2.8,6.5
2349,0.0,9.8,8.5,9.2,9.5,8.5,7.2,6.8,8.0
2350,0.0,9.5,8.2,8.5,6.8,8.5,9.2,6.8,7.1
2351,0.0,9.5,8.8,9.2,8.5,8.5,9.2,4.1,8.8
2352,0.0,9.5,8.8,8.2,9.0,8.5,7.2,6.8,8.0
2353,0.0,9.5,8.8,8.2,7.5,8.5,9.2,4.1,8.8
2354,0.0,9.5,8.8,7.2,6.5,8.5,9.2,4.1,7.8
2355,0.0,8.5,7.8,8.2,6.5,7.5,8.2,6.8,8.5
2356,0.0,9.5,8.8,9.2,8.5,8.5,9.2,4.1,8.8
2357,0.0,8.5,6.8,7.2,4.1,4.5,2.8,3.2,1.5
2358,0.0,9.5,8.8,9.2,8.5,8.5,7.2,4.1,6.8
2359,0.0,9.5,8.2,8.5,7.8,7.5,8.2,4.8,6.8
2360,0.0,9.5,8.8,9.2,9.0,8.5,9.2,6.8,8.0
2361,0.0,8.5,6.8,4.2,7.9,8.5,7.2,4.1,1.8
2362,0.0,8.5,7.8,8.2,2.5,7.5,8.2,4.1,8.8
2363,0.5,9.5,9.8,9.9,8.2,8.5,9.2,4.1,8.8
2364,0.0,8.5,8.0,7.5,6.0,7.5,8.2,2.5,6.8
2365,2.5,9.8,8.5,9.2,7.8,8.5,9.2,4.1,7.8
2368,0.0,8.5,7.2,8.0,6.8,7.5,8.2,4.1,6.8
2369,0.0,9.5,8.8,8.2,7.5,8.5,9.2,4.8,7.1
2371,0.0,8.5,7.2,8.0,6.8,7.5,8.2,4.1,6.8
2372,0.0,8.5,6.8,7.2,8.0,7.5,8.2,6.8,5.5
2373,0.0,9.5,9.0,9.2,8.5,8.5,7.2,4.8,8.0
2374,0.0,8.5,7.8,6.5,4.2,2.5,4.2,1.8,1.1
2375,0.0,9.5,8.8,8.2,7.5,7.5,8.2,4.1,6.8
2376,0.0,9.5,8.2,9.0,8.5,8.5,7.2,8.8,4.1
2377,0.0,8.5,7.8,6.2,4.1,8.5,4.2,6.8,8.0
2378,0.0,9.5,8.2,8.5,7.8,7.5,8.2,4.1,6.8
2379,0.0,9.5,8.8,8.2,7.5,8.5,9.2,4.1,8.8
2380,0.0,9.5,9.8,9.2,8.5,8.5,9.2,4.1,8.8
2381,,,,,,9.5,9.0,6.5,8.5
2382,,,,,,8.5,7.2,4.1,6.8
2383,0.0,9.5,8.2,8.5,9.0,8.5,7.2,6.8,8.0
2384,0.0,9.5,8.8,8.2,6.5,4.5,8.2,2.8,1.5
2386,8.5,9.8,9.2,9.5,7.8,8.5,9.2,4.8,7.1
2387,0.0,8.5,7.8,6.9,4.2,7.5,8.2,4.1,6.8
2388,0.0,9.5,8.8,9.2,8.5,8.5,9.2,4.8,7.1
2389,4.5,8.8,7.2,6.5,9.0,8.5,6.2,4.1,7.8
2390,8.5,9.8,9.5,9.9,8.8,9.5,8.2,4.1,9.0
2391,0.0,9.5,9.8,9.2,6.5,8.5,9.2,4.1,8.8
2392,2.5,9.8,9.5,9.2,8.8,8.5,9.2,6.8,8.0
2393,0.0,8.5,7.8,8.2,6.5,4.5,2.8,3.2,8.1
2394,0.0,8.5,7.8,8.2,6.5,4.5,6.8,2.5,7.2
2395,0.0,8.5,7.2,6.8,4.1,7.5,8.2,4.1,6.8
2396,0.0,9.5,8.2,8.5,7.8,8.5,9.2,4.1,7.8
2397,0.0,8.5,8.0,7.5,6.0,4.5,2.8,3.2,1.5
2399,0.0,9.5,8.8,8.2,7.5,7.5,8.2,4.1,6.8
2400,,,,,,8.5,8.2,6.8,7.5
2401,0.0,8.5,7.8,6.2,4.1,8.5,7.2,4.1,8.8
2402,0.0,9.5,9.0,9.2,6.5,8.5,9.0,6.8,8.0
2403,0.0,9.5,9.8,9.2,8.5,8.5,9.2,4.1,8.8
2404,0.0,8.5,6.8,7.2,4.5,4.5,7.2,6.8,5.9
2406,0.0,9.5,9.0,8.5,6.0,8.5,9.2,6.8,8.0
2407,,,,,,8.5,9.2,7.8,8.8
2408,0.0,8.5,6.8,7.2,4.5,4.5,6.8,3.2,7.5
2409,0.0,9.5,8.2,9.0,9.8,8.5,7.2,4.1,6.8
2410,0.0,9.5,8.8,9.2,7.5,8.5,9.2,6.8,8.0
2411,7.5,9.5,8.2,8.8,6.8,8.5,7.2,4.1,6.8
2412,0.0,9.5,8.8,9.0,7.5,8.5,9.2,6.8,8.0
2413,0.0,9.5,8.2,8.5,9.0,8.5,9.2,4.1,7.8
2414,0.0,9.5,8.8,8.2,9.0,7.5,8.2,4.1,6.8
2415,0.0,9.5,8.2,8.5,6.8,7.5,8.2,6.8,6.5
2416,0.0,9.5,8.8,8.2,9.8,8.5,7.2,2.5,6.8
2417,0.0,9.5,9.0,9.2,8.5,9.5,8.2,4.1,8.8
2418,0.0,9.5,8.2,8.5,6.8,8.5,7.2,4.8,6.8
2419,0.0,9.5,8.2,8.8,9.0,8.5,9.2,7.8,8.0
2420,0.0,8.5,4.2,6.1,7.8,7.5,8.2,6.8,5.5
2421,0.0,9.5,8.8,9.2,7.5,8.5,9.2,7.8,8.0
2422,4.5,9.5,8.2,8.8,7.1,8.5,9.2,4.1,7.8
2423,0.0,8.5,8.0,7.0,4.5,4.5,2.8,2.5,1.8
2424,0.0,8.5,7.2,6.8,4.1,8.5,7.2,4.1,6.8
2425,4.5,9.5,8.2,8.8,7.5,8.5,9.2,4.8,8.0
2426,0.0,8.5,7.8,8.2,6.5,7.5,8.2,4.1,6.8
2427,4.5,8.8,7.2,6.5,3.8,4.5,7.2,6.8,5.8
2428,0.0,9.5,8.2,8.5,9.8,8.5,8.2,6.8,7.1
2429,,,,,,9.5,8.8,4.2,8.5
2430,0.0,9.5,9.8,9.2,8.5,9.5,8.8,4.2,8.5
2431,8.5,9.8,9.5,9.2,6.8,8.5,9.2,4.1,8.8
2432,0.0,9.5,9.0,9.2,8.5,8.5,9.2,4.8,8.0
2433,0.0,9.5,8.2,7.5,6.8,8.5,9.2,4.1,7.8
2434,0.0,9.5,8.2,8.5,7.8,8.5,9.2,7.8,8.0
2435,0.0,9.5,8.8,9.2,6.5,7.5,8.2,4.1,6.8
2437,0.0,9.5,8.8,8.2,6.5,7.5,8.2,2.5,6.8
2438,,,,,,8.5,9.2,6.8,8.0
2439,0.0,8.5,7.8,6.5,4.2,7.5,8.2,6.8,8.5
2440,8.5,9.8,8.2,9.5,9.0,8.5,9.2,6.8,8.0
2441,0.0,8.5,7.2,8.0,6.8,7.5,8.2,6.8,8.5
2442,0.0,9.5,9.0,9.2,8.5,8.5,9.2,4.1,8.8
2443,0.0,9.5,8.8,8.2,7.5,8.5,9.2,4.1,8.8
2444,0.0,9.8,9.5,9.2,8.5,8.5,9.2,4.1,8.8
2445,0.0,9.5,8.2,7.5,6.8,8.5,9.2,4.1,7.8
2446,0.0,9.5,8.8,8.2,9.0,8.5,7.2,6.8,8.0
2448,0.0,9.5,8.8,8.2,6.5,8.5,9.2,4.1,8.8
2449,0.0,9.5,9.8,9.9,2.5,8.5,7.2,4.1,8.8
2450,0.0,9.5,8.8,9.2,7.5,8.5,9.2,6.8,8.0
2451,0.0,9.5,9.8,9.2,8.5,9.5,9.0,6.8,8.5
2452,0.0,9.8,8.5,9.2,7.8,8.5,9.2,4.1,7.8
2454,2.5,8.5,8.0,6.5,4.0,2.5,1.8,1.2,1.0
2455,,,,,,9.5,8.2,4.1,8.8
2456,1.5,9.5,9.0,8.5,6.0,8.5,9.2,6.8,8.0
2457,0.0,9.5,8.8,9.2,9.0,8.5,9.2,4.1,7.8
2458,0.0,8.5,7.8,8.2,6.5,7.5,8.2,6.8,8.5
2459,0.0,9.5,8.2,7.5,6.8,8.5,9.2,4.1,7.8
2461,0.0,9.5,9.8,9.2,6.5,8.5,9.2,4.1,8.8
2462,8.5,9.8,9.5,9.9,6.8,9.5,9.0,4.5,8.5
2463,4.5,9.8,9.5,9.2,8.1,8.5,9.2,4.1,8.8
2464,0.0,8.5,7.8,6.2,4.1,4.5,8.2,2.8,6.5
2465,0.0,9.8,9.5,9.9,9.2,9.5,9.8,8.2,9.0
2466,0.0,9.5,9.0,9.2,8.5,8.5,9.2,6.8,8.0
2467,0.0,9.8,9.5,9.8,8.5,9.5,9.8,8.2,9.0
2468,0.0,8.5,6.8,4.2,9.0,8.5,7.2,4.1,6.8
2469,0.0,9.5,8.8,9.2,8.5,8.5,9.2,7.8,8.0
2470,0.0,9.5,9.0,8.5,6.0,8.5,9.2,6.8,7.1
2471,0.0,8.5,7.2,8.0,6.8,7.5,8.2,4.1,6.8
2472,0.0,9.5,8.8,7.2,6.5,7.5,8.2,4.5,6.8
2473,4.5,9.8,9.5,9.2,8.1,9.5,8.2,7.8,8.5
2474,0.0,9.5,9.2,8.8,6.5,8.5,9.2,6.8,8.0
2475,0.0,9.5,8.8,9.2,7.5,7.5,8.2,4.1,6.8
2476,0.0,8.5,7.2,6.8,4.1,4.5,6.8,3.2,7.1
2477,0.0,9.5,8.2,7.8,6.5,7.5,8.2,4.1,6.8
2478,0.0,9.5,8.2,7.8,8.5,8.5,9.2,4.1,7.8
2479,0.0,8.5,7.8,8.2,9.0,7.5,8.2,4.1,6.8
2480,0.0,9.5,8.2,7.5,4.8,8.5,9.2,4.1,6.8
2481,0.0,9.5,8.8,9.2,8.5,8.5,9.2,7.8,8.0
2482,0.0,9.5,8.8,9.2,6.5,8.5,9.2,4.1,8.8
2483,0.0,9.5,8.8,9.2,7.5,8.5,9.2,6.8,8.0
2484,0.0,9.5,8.8,9.2,8.5,8.5,9.2,6.8,7.1
2485,0.0,9.5,8.8,9.2,8.5,8.5,9.2,7.8,8.0
2486,0.0,9.5,8.2,8.5,7.8,8.5,9.2,4.1,7.8
2487,0.0,9.5,8.8,9.2,6.5,8.5,9.2,6.8,8.0
2488,2.5,8.8,7.2,6.5,8.0,4.5,8.2,2.8,6.1
2489,0.0,9.5,8.8,9.2,8.5,8.5,9.2,7.8,8.8
2490,0.0,9.5,8.8,9.2,7.5,8.5,9.2,7.8,8.0
2491,0.0,9.5,8.8,8.2,2.5,4.5,9.0,2.5,8.0
2492,0.0,8.5,7.2,8.8,6.5,8.5,7.2,6.8,8.0
2493,0.0,8.5,7.8,6.2,9.0,8.5,9.2,7.8,8.0
2494,0.0,9.5,8.8,9.2,8.5,8.5,9.2,6.8,8.0
2495,0.0,9.5,8.8,9.2,6.5,7.5,8.2,4.1,6.8
2496,0.0,8.5,4.2,6.1,7.8,4.5,7.2,2.8,1.5
2497,0.0,9.5,8.8,9.2,7.5,7.5,8.2,4.1,6.8
2498,0.0,9.8,9.5,9.2,8.5,9.5,8.8,6.5,8.2
2499,0.0,9.5,8.8,9.2,7.5,8.5,9.2,7.8,8.0
2500,0.0,8.5,6.8,7.2,9.0,7.5,8.2,4.1,6.8
2501,0.0,8.5,7.2,6.8,8.0,7.5,8.2,4.1,6.8
2502,0.0,9.5,8.8,9.2,2.5,8.5,9.2,4.1,8.8
2503,,,,,,8.5,9.2,6.8,8.0
2504,0.0,8.5,7.8,8.2,9.0,8.5,7.2,6.8,9.0
2505,0.0,9.5,8.8,9.2,8.5,8.5,9.2,7.8,8.0
2506,0.0,9.5,8.8,9.2,7.5,8.5,9.0,4.2,8.0
2507,0.0,8.5,7.8,6.9,8.2,7.5,8.2,6.8,6.5
2508,2.5,8.5,7.8,6.2,6.8,7.5,8.2,2.5,6.8
2509,0.0,9.5,8.2,7.8,6.5,4.5,8.2,2.8,7.5
2510,0.0,8.5,7.8,6.2,9.0,7.5,8.2,2.5,8.8
2511,0.0,9.5,9.0,8.5,7.0,8.5,9.2,4.8,7.1
