Dx,Study ID,speech duration (min),word count
CLBP,1202,12.9,1595
CLBP,1203,20.2,2590
CLBP,1204,28.2,3304
CLBP,1205,11.2,1680
CLBP,1206,13.9,2234
CLBP,1207,12.1,1428
CLBP,1208,7.8,1037
CLBP,1210,17,2051
CLBP,1211,11.4,1690
CLBP,1212,6.5,835
CLBP,1213,23.8,3712
CLBP,1214,7.3,938
CLBP,1215,19.4,2298
CLBP,1216,9.3,1375
CLBP,1217,15.6,2753
CLBP,1218,22.9,2134
CLBP,1219,32.1,3639
CLBP,1221,14.7,2460
CLBP,1222,11.6,1051
CLBP,1223,10.5,1548
CLBP,1224,10.4,1277
CLBP,1225,15.3,1804
CLBP,1226,14.1,1870
CLBP,1227,23.9,3466
CLBP,1228,18.9,2697
CLBP,1229,18.1,2587
CLBP,1230,22.3,3252
CLBP,1231,18,2064
CLBP,1232,10.4,1685
CLBP,1233,17.4,2729
CLBP,1234,15.2,2389
CLBP,1235,16.6,1837
CLBP,1236,10.6,1516
CLBP,1237,11.3,1750
CLBP,1239,10.3,1152
CLBP,1240,10.2,1340
CLBP,1241,22.8,2393
CLBP,1242,7.9,1214
CLBP,1243,15.7,2009
CLBP,1244,10.1,1328
CLBP,1245,5.3,924
CLBP,1246,20.4,4083
CLBP,1247,23.8,3299
CLBP,1248,21.4,3863
CLBP,1249,6.8,835
CLBP,1250,16.6,2413
CLBP,1251,23,2707
CLBP,1252,14.5,2042
CLBP,1253,5.1,682
CLBP,1254,8.6,1086
CLBP,1256,7.4,631
CLBP,1258,6.1,918
CLBP,1259,8.8,1399
CLBP,1260,14.9,1499
CLBP,1262,15.9,2133
CLBP,1263,20.1,3172
CLBP,1264,9.7,1218
CLBP,1266,16.4,2152
CLBP,1267,11,1555
CLBP,1268,13.6,2207
CLBP,1269,8,1231
CLBP,1270,13.2,1896
CLBP,1271,16.2,2577
CLBP,1272,11.3,1712
MDD,1401,23.2,3723
MDD,1402,23.3,2891
MDD,1403,31,3557
MDD,1404,22.7,3008
MDD,1405,29,3420
MDD,1406,17.3,1902
MDD,1407,23.3,2841
MDD,1408,23.8,3013
MDD,1409,13.5,1928
MDD,1410,25.3,4306
MDD,1411,32.4,4514
MDD,1412,9.3,992
MDD,1413,47.3,6825
MDD,1414,59.2,7933
MDD,1415,18.5,1964
MDD,1416,26.3,3856
MDD,1417,50.2,5287
MDD,1419,32.3,3622
MDD,1420,39.8,4802
MDD,1421,36.6,6536
MDD,1422,31.8,3779
MDD,1426,49.2,4765
MDD,1427,21.6,2951
MDD,1428,24.9,3470
MDD,1429,27.8,3289
MDD,1431,7.3,1091
MDD,1432,12.8,2450
MDD,1435,6.3,830
MDD,1436,11.4,1345
MDD,1437,18.9,2049
MDD,1438,48.8,5088
MDD,1439,26.3,3990
MDD,1442,51.5,5484
HC,1501,2.7,335
HC,1502,10,1324
HC,1503,10.7,1309
HC,1504,11.2,1412
HC,1505,6.3,682
HC,1506,3.8,321
HC,1507,9.7,1723
HC,1508,7,680
HC,1509,7.3,1007
HC,1510,7.3,935
HC,1511,6.2,759
HC,1512,6.3,880
HC,1513,21.6,2420
HC,1514,19.1,2735
HC,1515,6.5,767
HC,1516,4.6,647
HC,1517,10.6,1638
HC,1518,3.3,394
HC,1519,10.2,1540
HC,1521,9.8,1270
HC,1522,9.5,1261
HC,1524,12.9,1609
HC,1525,6.9,839
HC,1526,8.1,1031
HC,1527,10.7,1075
HC,1528,20.8,3283
HC,1529,10.2,1081
HC,1530,13.7,1972
HC,1531,8.3,1297
HC,1532,13.2,1540
HC,1533,16,2178
CLBP,13002,10.9,1685
CLBP,13003,15.9,1730
CLBP,13004,19.1,2662