study_id,dx,word_count,char_count
1202,CLBP,260,1301
1203,CLBP,257,1269
1204,CLBP,20,101
1205,CLBP,479,2400
1206,CLBP,603,3124
1207,CLBP,224,1152
1208,CLBP,227,1162
1210,CLBP,192,1024
1211,CLBP,438,2205
1212,CLBP,104,519
1213,CLBP,316,1591
1214,CLBP,283,1414
1215,CLBP,547,2737
1216,CLBP,254,1335
1217,CLBP,337,1707
1218,CLBP,254,1263
1219,CLBP,215,1068
1221,CLBP,75,423
1222,CLBP,169,918
1223,CLBP,649,3345
1224,CLBP,478,2482
1225,CLBP,559,2855
1226,CLBP,791,4030
1227,CLBP,77,429
1228,CLBP,112,573
1229,CLBP,349,1784
1230,CLBP,1195,6011
1231,CLBP,1111,5794
1232,CLBP,371,1872
1233,CLBP,439,2281
1234,CLBP,656,3261
1235,CLBP,530,2698
1236,CLBP,354,1781
1237,CLBP,306,1516
1239,CLBP,212,1087
1240,CLBP,375,1851
1241,CLBP,48,254
1242,CLBP,303,1471
1243,CLBP,698,3633
1244,CLBP,330,1667
1245,CLBP,256,1224
1246,CLBP,98,469
1247,CLBP,720,3581
1248,CLBP,707,3534
1249,CLBP,243,1275
1250,CLBP,541,2812
1251,CLBP,37,189
1252,CLBP,622,3133
1253,CLBP,154,833
1254,CLBP,377,1902
1256,CLBP,206,1053
1258,CLBP,389,1938
1259,CLBP,301,1527
1260,CLBP,606,3218
1262,CLBP,460,2329
1263,CLBP,80,422
1264,CLBP,454,2315
1266,CLBP,352,1770
1267,CLBP,573,2811
1268,CLBP,836,4272
1269,CLBP,495,2496
1270,CLBP,522,2703
1271,CLBP,610,3025
1272,CLBP,470,2350
13002,CLBP,385,1952
13003,CLBP,506,2572
13004,CLBP,400,2036
1401,MDD,372,1913
1402,MDD,795,3948
1403,MDD,877,4365
1404,MDD,450,2338
1405,MDD,1046,5432
1406,MDD,65,349
1407,MDD,780,4063
1408,MDD,63,343
1409,MDD,535,2555
1410,MDD,651,3349
1411,MDD,545,2840
1412,MDD,217,1083
1413,MDD,91,457
1414,MDD,1287,6767
1415,MDD,645,3201
1416,MDD,773,3875
1417,MDD,562,2933
1419,MDD,1181,6130
1420,MDD,34,178
1421,MDD,247,1313
1422,MDD,65,323
1426,MDD,74,378
1427,MDD,251,1322
1428,MDD,1431,7144
1429,MDD,90,471
1431,MDD,356,1873
1432,MDD,643,3200
1435,MDD,188,991
1436,MDD,188,968
1437,MDD,149,829
1438,MDD,30,187
1439,MDD,106,553
1442,MDD,1388,6899
1501,HC,335,1791
1502,HC,1324,7032
1503,HC,1309,6950
1504,HC,1412,7167
1505,HC,682,3631
1506,HC,321,1702
1507,HC,1723,8569
1508,HC,680,3533
1509,HC,1007,5203
1510,HC,935,4769
1511,HC,759,3880
1512,HC,880,4612
1513,HC,2420,11993
1514,HC,2735,14538
1515,HC,767,3906
1516,HC,647,3496
1517,HC,1638,8523
1518,HC,394,2093
1519,HC,1540,7661
1521,HC,1270,6493
1522,HC,1261,6572
1524,HC,1609,8016
1525,HC,839,4506
1526,HC,1031,5787
1527,HC,1075,5661
1528,HC,3283,16980
1529,HC,1081,5652
1530,HC,1972,10833
1531,HC,1297,6407
1532,HC,1540,7976
1533,HC,2178,11659
