study_id,dx,wer,wer_first_n_words,human_words,automatic_words,flagged
1221,CLBP,0.9424157303370787,0.6266666666666667,712,75,True
1224,CLBP,0.4186046511627907,0.4186046511627907,473,478,False
1232,CLBP,0.41842105263157897,0.431266846361186,380,371,False
1241,CLBP,0.9742951907131011,0.6041666666666666,1206,48,True
13002,CLBP,0.38419618528610355,0.38419618528610355,367,385,False
1402,MDD,0.3647450110864745,0.2792452830188679,902,795,False
1406,MDD,0.9219269102990033,0.6,602,65,True
1407,MDD,0.31537450722733246,0.31537450722733246,761,780,False
1414,MDD,0.027110766847405113,0.030303030303030304,1291,1287,False
1432,MDD,0.09017713365539452,0.09017713365539452,621,643,False
1503,HC,0.08263198163733741,0.08263198163733741,1307,1309,False
1509,HC,0.07021063189568706,0.07021063189568706,997,1007,False
1516,HC,0.1171993911719939,0.1267387944358578,657,647,False
1522,HC,0.022709475332811275,0.035685963521015066,1277,1261,False
1527,HC,0.02127659574468085,0.026046511627906978,1081,1075,False
